course_link,course_name,course_number,course_organization,course_price,course_status
//ke.qq.com/course/475496#term_id=100569390,【博为峰】软件测试国际权威认证ISTQB2018版考纲培训VIP体验,7人购买,博为峰网校在线教育,¥2.23,共4节
//ke.qq.com/course/380991#term_id=100569390,Python零基础快速就业到高级工程师/网络爬虫/人工智能/商业项目,0088人最近报名,,免费,共34节
//ke.qq.com/course/473724#term_id=100569390,【博为峰】软件测试国际权威认证ISTQB2018版考纲培训免费咨询,509人最近报名,博为峰网校在线教育,免费,共5节
//ke.qq.com/course/133640#term_id=100569390,Web前端开发(HTML/CSS/javaScript/Vue/React/Node),642人最近报名,六星教育,免费,共30节
//ke.qq.com/course/375599#term_id=100569390,Java零基础入门到精通--上[历史 运算符 语法结构 数组 面向对象],3925人最近报名,,免费,共16节
//ke.qq.com/course/328509#term_id=100569390,PHP7进阶到架构-Laravel/Redis/Swoole/高并发分布式【六星教育】,5704人最近报名,,免费,进度：14/16节
//ke.qq.com/course/437958#term_id=100569390,json-Python自动化测试-项目实战-/测试开发/接口/性能【学神IT】,31人购买,学神IT教育,¥1462.22,进度：1/25节
//ke.qq.com/course/405676#term_id=100569390,CCNA安全思科网络工程师,62人最近报名,,免费,进度：7/7节
//ke.qq.com/course/332866#term_id=100569390,python基础教程-马哥7天共学Python入门基础课程,133人最近报名,马哥教育,免费,共7节
//ke.qq.com/course/131374#term_id=100569390,【柠檬班】软件测试自学/面试/接口/压力/自动化/性能/入门到精通,5719人最近报名,,免费,共42节
//ke.qq.com/course/468333#term_id=100569390,JVM GC调优 预习课,051人最近报名,,免费,共1节
//ke.qq.com/course/276498#term_id=100569390,【速成班】自媒体短视频赚钱|抖音Vlog今日头条号大鱼企鹅百家号,5956人最近报名,泛学苑自媒体,免费,共8节
//ke.qq.com/course/425746#term_id=100569390,Spring Cloud微服务实战,929人购买,享学课堂,¥066.22,共25节
//ke.qq.com/course/231570#term_id=100569390,2020权威「HTML+CSS」零基础入门精英课,5963人最近报名,,免费,共10节
//ke.qq.com/course/441237#term_id=100569390,ADAS功能软件开发_序章,58人最近报名,孙忠潇,免费,共1节
//ke.qq.com/course/455581#term_id=100569390,并发编程之AQS底层源码分析【鲁班学院】,559人最近报名,鲁班学院,免费,共3节
//ke.qq.com/course/360025#term_id=100427899,【NEXT学院】人人都会微信小程序,53万人购买,腾讯课堂NEXT学院,¥0.72,共6节
//ke.qq.com/course/451441#term_id=100427899,postman接口测试实战从入门到精通软件精品课【柠檬班】,164人购买,,¥2.23,共10节
//ke.qq.com/course/429389#term_id=100427899,Java响应式编程【马士兵教育】,308人最近报名,,免费,共1节
//ke.qq.com/course/282859#term_id=100427899,java自动化测试入门,3504人购买,,¥2.23,共9节
//ke.qq.com/course/package/21995,高薪就业+云架构师课,50人购买,学神IT教育,¥6122.22,课程2
//ke.qq.com/course/453448#term_id=100427899,Python全栈软件自动化测试VIP课程【柠檬班】,302人购买,,¥2.23,共28节
//ke.qq.com/course/362193#term_id=100427899,2020年软考系统集成项目管理工程师--基础知识 精讲免费视频,334人最近报名,小任老师,免费,共10节
//ke.qq.com/course/310732#term_id=100427899,【柠檬班】软件测试Python/Java接口/App/RF自动化测试/测试开发,058人最近报名,,免费,共21节
//ke.qq.com/course/package/23288,HTML5前端+全栈从基础到就业班,35人购买,黄埔课堂,¥5776.22,课程43
//ke.qq.com/course/473133,全网最强JVM类加载器机制讲解,308人最近报名,,免费,共6节
//ke.qq.com/course/389156,CISSP认证学习公开课,95人最近报名,铭学在线课堂,免费,共1节
//ke.qq.com/course/291111,马哥Linux高端运维云计算就业班-教学总监老王主讲,5506人购买,,¥9162.22,共41节
//ke.qq.com/course/275794,Web安全/kali/黑客信息安全/网络安全/渗透/linux/编程语言/架构,5738人最近报名,,免费,共22节
//ke.qq.com/course/442048,SpringMVC+Spring+MyBatis框架整合SSM整合[IntelliJ IDEA/MySQL],574人最近报名,鸟哥教育,免费,共1节
//ke.qq.com/course/447007,Java分布式电影预告小程序后台实战项目【鲁班学院】,11人购买,鲁班学院,¥5362.22,共21节
//ke.qq.com/course/477615,Flowable modeler设计器集成,08人最近报名,分享牛,免费,共5节
//ke.qq.com/course/472283,Java互联网架构师之设计模式精讲,969人最近报名,,免费,共11节
//ke.qq.com/course/325554,python全栈自动化测试工程师第12-27期【柠檬班VIP】,5799人购买,,¥1462.22,随到随学
//ke.qq.com/course/467524,Java小白如何逆袭50万年薪技术大咖,74人最近报名,小码哥教育,免费,共10节
//ke.qq.com/course/package/23444,周哥教IT.逆向基础课包,2人购买,周哥教IT,¥576.22,课程20
//ke.qq.com/course/442769,(小码哥)经典编程语言：Swift编程入门,530人最近报名,小码哥教育,免费,共1节
//ke.qq.com/course/338702,网络营销|网赚抖音电商|Vlog短视频|赚钱营销淘宝客引流网络推广,5万人最近报名,微客教育,免费,共2节
//ke.qq.com/course/30766,SPOTO专注思科认证培训16年，资深专家带你玩转CCNA/CCNP/CCIE,495人最近报名,,免费,共47节
//ke.qq.com/course/package/936,软考软件设计师套餐,89人购买,小任老师,¥060.22,课程3
//ke.qq.com/course/165888,移动端高级 | 移动端开发深度揭秘【妙味课堂】,59人最近报名,妙味课堂,免费,共14节
//ke.qq.com/course/278151,【免费试学】自媒体短视频赚钱|头条号|抖音电商网赚|网络营销,068人最近报名,泛学苑自媒体,免费,共2节
//ke.qq.com/course/package/23264,iOS 中高级训练营V7.0,32人购买,逻辑教育,¥6662.22,课程5
//ke.qq.com/course/338650,graceUI  - 微信小程序UI框架、uni-app UI框架 使用教程,508人最近报名,hcoder 刘海君,免费,共7节
//ke.qq.com/course/185189,"Java架构师,Java高级|只为培养互联网java架构师【咕泡教育】",4855人最近报名,咕泡教育,免费,共16节
//ke.qq.com/course/401509,性能优化特训营,5335人购买,,¥772.22,进度：3/5节
//ke.qq.com/course/281293,面向对象C#零基础入门精讲（1）C#开发入门,60人购买,徐照兴,¥52.22,共7节
//ke.qq.com/course/265537,ASP.NET就业实例教程（1）ASP.NET基础入门搭建网站开发环境,597人购买,徐照兴,¥52.22,共8节
//ke.qq.com/course/300129,软件测试从小白到高手全程班【柠檬班】第67期,813人购买,,¥4162.22,随到随学
//ke.qq.com/course/453197,C#/.Net/架构师/分布式/跨平台/微服务/系统架构/底层原理/框架,5567人最近报名,朝夕教育,免费,共74节
//ke.qq.com/course/231577,Web前端开发之JavaScript(Js)精英课堂,8909人最近报名,,免费,共42节
//ke.qq.com/course/233919,【NEXT学位 x IMWeb】Web前端从小白到大师进阶课程,539人购买,腾讯课堂NEXT学院,¥9877.22,共117节
//ke.qq.com/course/436747,软件设计师-免费课程,84人最近报名,倪奕文,免费,共6节
//ke.qq.com/course/340304,.NET工控上位机实战系列课程【资料获取加QQ995551857】,572人最近报名,,免费,共13节
//ke.qq.com/course/349659,学神Linux高薪运维云计算全程班/全程直播/终身学习/一对一辅导,888人购买,,¥1742.22,进度：32/62节
//ke.qq.com/course/258410,千锋html5经典入门视频教程：基础知识点讲解,41人最近报名,扣丁学堂,免费,共4节
//ke.qq.com/course/432652,分库分表-AOP高阶应用【图灵学院】,555人最近报名,,免费,共4节
//ke.qq.com/course/426495,Java高级架构师进阶课程【六星教育】,83人购买,,¥4662.22,开设2个班级
//ke.qq.com/course/336361,抖音上热门|抖音好物推荐|短视频制作|抖商引流赚钱,1194人最近报名,微客教育,免费,共3节
//ke.qq.com/course/447570,spring boot原理解析【鲁班学院】,418人最近报名,鲁班学院,免费,共4节
//ke.qq.com/course/462914,Jmeter高级性能测试项目实战(赠送Loadrunner视频）,75人购买,,¥8762.22,随到随学
//ke.qq.com/course/273058,MATLAB中的正则表达式应用,50人最近报名,孙忠潇,免费,共1节
//ke.qq.com/course/405578,我要学产品-90天产品经理实战班,720人最近报名,,免费,共3节
//ke.qq.com/course/package/23194,Linux入门到服务器架构师,5人购买,零声学院,¥6312.22,课程2
//ke.qq.com/course/280353,VR室内设计/交互式全景/用3dmax、UE4创造照片级室内设计效果图,527人最近报名,丁树凯,免费,共24节
//ke.qq.com/course/441617,Python编程入门到进阶/爬虫/数据分析/人工智能,5262人最近报名,灵犀教育,免费,共16节
//ke.qq.com/course/251222,python自动化+Py全栈+爬虫+Ai=python全能工程师-挑战年薪30万,5281人购买,马哥教育,¥4362.22,随到随学
//ke.qq.com/course/97965,165天逆袭web前端高级开发工程师 JS/React/VueJS/NodeJS框架实战,8558人最近报名,,免费,共69节
//ke.qq.com/course/435302,Flutter女装商城实战(学习版),823人最近报名,亢少军,免费,共38节
//ke.qq.com/course/426351,【阶段一】前端全栈工程师精英班,64人购买,,¥4662.22,随到随学
//ke.qq.com/course/278150,短视频自媒体|新媒体赚钱揭秘，头条号|抖音|百家企鹅号趣头条,5648人最近报名,泛学苑自媒体,免费,共9节
//ke.qq.com/course/230866,JAVA架构师精品课 企业级架构/分布式/高并发/微服务【图灵学院】,0150人最近报名,,免费,共40节
//ke.qq.com/course/392130,【NEXT学院】Vue从入门到实战,552人购买,腾讯课堂NEXT学院,¥5977.22,共38节
//ke.qq.com/course/350893,WOLF实验室CCNA全套经典课程-为零基础、初学者量身打造,548人最近报名,沃尔夫CCIE实验室,免费,共39节
//ke.qq.com/course/294295,【推荐】新媒体|自媒体|Vlog抖音快手头条大鱼百家企鹅爆文引流,388人最近报名,榕意新媒体学院,免费,共3节
//ke.qq.com/course/355156,软件测试管理层人才Leader精英班【乐搏学院】,10人购买,乐搏技术学院,¥0776.22,进度：6/14节
//ke.qq.com/course/445711,Java零基础入门到精通（Spring/Mybatis/数据库/多线程/MVC）,985人最近报名,灵犀教育,免费,共50节
//ke.qq.com/course/465216,抖音教程新媒体营销短视频运营实战技巧,888人最近报名,山本教育,免费,共1节
//ke.qq.com/course/233903,【NEXT学位 x IMWeb】Web前端从小白到大师基础课程,75人购买,腾讯课堂NEXT学院,¥3777.22,共105节
//ke.qq.com/course/373928,Kali渗透全方位实战/黑客/linux/网络安全/攻防/漏洞挖掘,103人最近报名,,免费,共5节
//ke.qq.com/course/410524,抖音快手Vlog|引流吸粉|自媒体|新媒体赚钱|大鱼号百家号头条号,42人最近报名,榕意新媒体学院,免费,共2节
//ke.qq.com/course/package/20425,Flowable快速入门,7人购买,分享牛,¥377.22,课程3
//ke.qq.com/course/399017,马士兵/java/python/AI/从零到年薪百万,1171人最近报名,,免费,共23节
//ke.qq.com/course/319590,突破年薪40W#Python入门到实战【咕泡教育】,5982人最近报名,咕泡教育,免费,共31节
//ke.qq.com/course/455579,泛学苑自媒体新媒体短视频撸收益第八期VIP内容创作全方位进阶班,015人购买,泛学苑自媒体,¥8576.22,共22节
//ke.qq.com/course/474779,Python核心编程基础,027人最近报名,逻辑教育,免费,共12节
//ke.qq.com/course/447548,分布式架构-Redis高并发分布式锁,366人最近报名,,免费,共5节
//ke.qq.com/course/421023#term_id=100502595,全网最全最细的Jmeter接口测试压力课程实战，没有之一【柠檬班】,3345人购买,,¥37.22,共113节
//ke.qq.com/course/401766#term_id=100502595,Web前端入学宝典【渡一教育】,870人最近报名,,免费,共29节
//ke.qq.com/course/371296#term_id=100502595,python开发入门与职业进阶,8857人最近报名,逻辑教育,免费,共39节
//ke.qq.com/course/package/23344,799预定两门课程,5人购买,柠檬班,¥477.22,课程2
//ke.qq.com/course/package/22471,【智能社】精通vue.js开发-第二期,1人购买,【智能社】在线课堂,¥5976.22,课程2
//ke.qq.com/course/471081,Web前端0到架构师①HTML+CSS+JS基础,994人最近报名,小码哥教育,免费,共47节
//ke.qq.com/course/465239,WordPress仿站实例教程,83人最近报名,曲靖乾动网络科技有限公司,免费,共29节
//ke.qq.com/course/package/4969,U-Boot和系统移植套餐,37人购买,朱有鹏物联网大讲堂,¥829.22,课程20
//ke.qq.com/course/386822,【智能社】ES6精讲—ECMAscript6精通系列（基础篇）,5508人购买,【智能社】在线课堂,¥2.52,共6节
//ke.qq.com/course/479723,Vue前后端分离架构技术【免费学习】,538人最近报名,每特教育,免费,共11节
//ke.qq.com/course/217861,java高级阶段（阶段三）,402人购买,拓薪教育,¥5677.22,共73节
//ke.qq.com/course/452771,异步处理——不刷新页面请求数据,57人最近报名,徐照兴,免费,共7节
//ke.qq.com/course/273548,Java架构技术/微服务技术/互联网技术/架构师公开课【每特教育】,807人最近报名,每特教育,免费,共4节
//ke.qq.com/course/package/18390,SEO+大咖系列课程包,391人购买,魔贝课凡,¥8777.22,课程11
//ke.qq.com/course/452954,VueCli3全新小白入门教程(基础+实战+vue+fetch+axios+米斯特吴),995人最近报名,米修在线,免费,共32节
//ke.qq.com/course/367530,微信小程序框架的制作,389人最近报名,黄菊华,免费,共2节
//ke.qq.com/course/474632,Linux云计算架构师进阶班-Docker-K8s-Devops-Openstack-1对1辅导,87人购买,学神 IT 教育,¥1772.22,进度：1/43节
//ke.qq.com/course/382767,微信小程序、零基础入门、基础语法讲解,015人最近报名,黄菊华,免费,共9节
//ke.qq.com/course/341933,Android移动互联网架构开发,5483人最近报名,享学课堂,免费,共20节
//ke.qq.com/course/231516,【图灵VIP专属课堂】JAVA互联网架构师专题/分布式/高并发/微服务,1281人购买,,¥4662.22,开设2个班级
//ke.qq.com/course/453546,.NET Core从入门到高级进阶【软谋教育】,816人最近报名,,免费,共2节
//ke.qq.com/course/284963,JAVA高级开发 架构师课程（高并发 高可用 高扩展）,3665人最近报名,享学课堂,免费,共30节
//ke.qq.com/course/59064,C#/.NET全栈/Core/BS/CS/上位机/WPF/WCF【喜科堂】,865人最近报名,,免费,共30节
//ke.qq.com/course/287404,【严选课程】Java互联网架构师系统进阶课程（VIP） 【享学课堂】,9340人购买,享学课堂,¥4662.22,进度：24/31节
//ke.qq.com/course/126996,PHP7开发/web前端/MySQL/THINKPHP/YII2/TP5框架【六星教育】,5263人最近报名,,免费,进度：29/31节
//ke.qq.com/course/402442,JAVA实战班体验课【软谋教育】,89人购买,,¥5.22,进度：1/1节
//ke.qq.com/course/478885,JavaVIP-Redis突击训练之入门到疯魔,010人购买,,¥77.22,开设2个班级
//ke.qq.com/course/292490,Python基础编程/爬虫/AI人工智能/数据分析/机器学习【六星教育】,3483人最近报名,,免费,进度：6/8节
//ke.qq.com/course/254956,Python 自动化测试开发系统进阶课程_霍格沃兹测试学院,617人购买,霍格沃兹测试学院,¥4222.22,随到随学
//ke.qq.com/course/364348,人工智能商业实战AI深度学习/机器学习/Python/大数据_咕泡教育,154人最近报名,咕泡教育,免费,共10节
//ke.qq.com/course/package/18780,就业+Vue技术助力计划,5人购买,妙思维JS++,¥1762.22,课程2
//ke.qq.com/course/466802,"JVM面试专题分享,Jvm调优java高级,Java架构师进阶【咕泡学院】",367人最近报名,咕泡教育,免费,共1节
//ke.qq.com/course/398016,Java分布式互联网架构/微服务/高性能/springboot/springcloud,542人购买,拓薪教育,¥8777.22,共67节
//ke.qq.com/course/280820,大数据Hadoop离线/实时数据处理机器学习Flink/Spark/Storm_咕泡,001人最近报名,咕泡教育,免费,共29节
//ke.qq.com/course/414780,2020年 HTML+CSS 零基础权威入学宝典,5539人最近报名,,免费,共11节
//ke.qq.com/course/466786,"Spring核心原理剖析,手写Spring,Java架构师进阶【咕泡学院】",092人最近报名,咕泡教育,免费,共1节
//ke.qq.com/course/368697,Python人工智能精选集,547人最近报名,软谋教育,免费,共8节
//ke.qq.com/course/package/12689,SEO+SEM套餐课程,01人购买,魔贝课凡,¥9777.22,课程12
//ke.qq.com/course/447001,Redis使用精髓-微博与微信如何用Redis巧妙构建,376人最近报名,,免费,共6节
//ke.qq.com/course/436126,华为认证HCNA/HCIA网络技术零基础教程（全套技术+实战+案例）,363人最近报名,新盟教育,免费,共18节
//ke.qq.com/course/264401,杨哥Linux云计算系列④：自动化运维CobblerSaltstack Ansible,55人购买,扣丁学堂,¥577.22,共7节
//ke.qq.com/course/27065,RHCA-RHCE认证考试+红帽官方授权+Linux架构师【学神IT】,366人最近报名,学神IT教育,免费,共20节
//ke.qq.com/course/261353,2020软考--网络工程师-上午历年真题解析视频（第三期）,514人购买,小任老师,¥77.22,共156节
//ke.qq.com/course/138272,MK-Linux高级运维 大师级课程 云计算 mysql数据库 centos7,171人最近报名,,免费,共25节
//ke.qq.com/course/149432,Java零基础入门到年薪30W（java基础  java入门教程  javase）,5929人最近报名,拓薪教育,免费,共51节
//ke.qq.com/course/196457,json-Python自动化测试-项目实战-自动化测试/测试开发/接口/性能,879人最近报名,学神IT教育,免费,共8节
//ke.qq.com/course/409631,网络安全/服务安全/代码安全/渗透测试【千锋教育】,36人购买,扣丁学堂,¥4362.22,共82节
//ke.qq.com/course/444849,Web前端高级进阶必备之Vue.js全家桶【软谋教育】,910人最近报名,软谋教育,免费,共2节
//ke.qq.com/course/139455,Kali安全渗透+Web白帽子高级工程师+黑客攻防-腾讯课堂认证课程,629人最近报名,,免费,共19节
//ke.qq.com/course/251215,web全栈开发-企业级开发专题【六星教育】,02人购买,六星教育,¥9662.22,进度：12/25节
//ke.qq.com/course/109110,json-Python自动化运维开发-Openstack/Ansible/docker【学神IT】,856人最近报名,,免费,共19节
//ke.qq.com/course/421498#term_id=100502595,原生js贪吃蛇游戏实战开发【渡一教育】,824人最近报名,,免费,共1节
//ke.qq.com/course/450513#term_id=100502595,MySQL读写分离,313人最近报名,,免费,共6节
//ke.qq.com/course/323635#term_id=100502595,Java架构师VIP课程,8320人购买,鲁班学院,¥4962.22,开设2个班级
//ke.qq.com/course/397629#term_id=100502595,HTML+CSS Web前端开发工程师快速入门必备课程【咕泡】,315人最近报名,咕泡教育,免费,共11节
//ke.qq.com/course/225186#term_id=100502595,10年经验 康sir - 8天学会实战型CCNA课程/CCNP/CCIE,163人最近报名,新盟教育,免费,共36节
//ke.qq.com/course/369468,2020软考-信息系统项目管理师-免费视频课,356人最近报名,小任老师,免费,共10节
//ke.qq.com/course/261547,自媒体运营|新媒体运营|微信公众号大鱼号百家号企鹅号今日头条号,5万人最近报名,微客教育,免费,共4节
//ke.qq.com/course/143162,Python自动化开发实战课程(基础篇)-【马哥教育】,027人最近报名,马哥教育,免费,共75节
//ke.qq.com/course/455909,全面详解并实操SoapUI接口测试实战课程【柠檬班】,564人购买,,¥2.23,共13节
//ke.qq.com/course/465553,2019最新版从零开始学MT4平台MQL4语言编程第2阶段,83人最近报名,漆学军,免费,共4节
//ke.qq.com/course/301616,C#/.NET上位机软件开发VIP体验课【资料获取加QQ：995551858】,800人最近报名,,免费,共28节
//ke.qq.com/course/377929,Linux云计算架构班【包含集群+Jenkins+K8S+OpenStack+Python】,71人购买,,¥7362.22,2020-4-1开讲
//ke.qq.com/course/410852,Web安全工程师之攻防实验室搭建,50人最近报名,拼客学院,免费,共1节
//ke.qq.com/course/451126,C/C++ 零基到大神精讲(C++17最新标准/游戏编程/项目实战),5404人最近报名,易道云学院,免费,共16节
//ke.qq.com/course/28986,.NET/C#架构师/高级开发/Core/微服务/分布式/高并发【软谋教育】,5064人最近报名,,免费,共3节
//ke.qq.com/course/369487,2020软考--网络工程师-免费视频课程,352人最近报名,小任老师,免费,共15节
//ke.qq.com/course/436711,Mysql底层原理与性能调优【图灵学院】,040人最近报名,,免费,共4节
//ke.qq.com/course/461170,CRMEB门店设置与核销,530人最近报名,鲁冬明,免费,共1节
//ke.qq.com/course/313277,java全栈自动化第7-17期（web自动化＋接口自动化+app自动化）,469人购买,,¥1822.22,开设9个班级
//ke.qq.com/course/204383,【超级数学建模|公开课】Python机器学习—泰坦尼克号获救预测,64人最近报名,数锐科技,免费,共4节
//ke.qq.com/course/367596,【Atstudy】软件测试/性能/接口/压力/自动化测试 从入门到精通,463人最近报名,博为峰网校在线教育,免费,共21节
//ke.qq.com/course/235316,【松勤】软件测试0基础到项目实战系统学习全栈班,5267人购买,,¥4162.22,共149节
//ke.qq.com/course/468501,CRMEB小程序分包处理,12人最近报名,鲁冬明,免费,共1节
//ke.qq.com/course/7034,C#/.NET大数据高并发架构设计/.NET构架师【软谋教育】,335人最近报名,,免费,共11节
//ke.qq.com/course/452038,web前端开发之React.js入门到进阶【金渡教育】,00人最近报名,金渡教育,免费,共2节
//ke.qq.com/course/package/20704,VIP课程+大咖系列课,381人购买,魔贝课凡,¥8777.22,课程10
//ke.qq.com/course/131889,【VIP限时体验】50W年薪Java高并发分布式架构课【动脑学院】,5746人最近报名,动脑学院,免费,共31节
//ke.qq.com/course/190378,Python/爬虫/人工智能/TensorFlow/机器学习/Django/图像识别,5268人最近报名,,免费,共16节
//ke.qq.com/course/package/21021,前端主管培养计划,8人购买,丰橙学院,¥9662.22,课程5
//ke.qq.com/course/450411,C#/.NET核心语法精讲【软谋教育】,312人最近报名,,免费,共6节
//ke.qq.com/course/377567,项目经理带你-零基础学习C++【奇牛学院】,5510人最近报名,奇牛学院,免费,共35节
//ke.qq.com/course/462860,JavaEE高级/javaweb/数据库/ssm框架/maven/linux,05人购买,拓薪教育,¥8777.22,共56节
//ke.qq.com/course/376467,做抖音电商|抖音短视频PR+AE|网络营销新媒体自媒体淘宝客快手,755人最近报名,魔贝课凡,免费,共6节
//ke.qq.com/course/447527,ES6标准入门与实战教程,337人最近报名,软谋教育,免费,共2节
//ke.qq.com/course/package/20989,TWeb2019线上票（含录播）,889人购买,TWeb Conf,¥577.22,课程4
//ke.qq.com/course/130901,【VIP限时体验】Android安卓架构跨平台NDK大移动端【动脑学院】,993人最近报名,动脑学院,免费,进度：33/36节
//ke.qq.com/course/455656,EF+MVC从入门到实战开发【软谋教育】,65人最近报名,,免费,共1节
//ke.qq.com/course/401843,Kali安全渗透+Web白帽子高级工程师+黑客攻防-腾讯课堂认证课程,389人购买,,¥1872.22,共24节
//ke.qq.com/course/349354,C/C++入门到精通企业级项目实战,548人最近报名,,免费,共15节
//ke.qq.com/course/412325,抖音快手短视频|电商引流带货|自媒体运营涨粉赚钱|淘宝客网赚,139人最近报名,泛学苑抖音短视频,免费,共4节
//ke.qq.com/course/356310,iOS中高级底层探究,532人最近报名,,免费,共1节
//ke.qq.com/course/353889,C语言/C++语言/数据结构算法/MFC/QT【六星教育】,748人最近报名,,免费,共19节
//ke.qq.com/course/452165,Java日志框架-SLF4J入门,310人最近报名,,免费,共1节
//ke.qq.com/course/package/22950,高薪就业+云架构师课,52人购买,学神 IT 教育,¥6122.22,课程2
//ke.qq.com/course/459141,HashMap常见面试题及解答【鲁班学院】,852人最近报名,鲁班学院,免费,共3节
//ke.qq.com/course/package/12691,SEO+谷歌SEO套餐课,51人购买,魔贝课凡,¥9777.22,课程12
//ke.qq.com/course/422645,Java开发/大数据/微服务/SpringBoot/SSM框架/mysql数据库/分布式,863人最近报名,灵犀教育,免费,共63节
//ke.qq.com/course/380679,C/C++零基础到精通项目实战,5061人最近报名,顿开教育,免费,共95节
//ke.qq.com/course/198201,Web前端开发高级进阶班【软谋教育】,3096人购买,软谋教育,¥9077.22,开设2个班级
//ke.qq.com/course/379808,Java架构/大数据/Hadoop/Flink/Spark/Python/机器学习【大讲台】,152人最近报名,大讲台,免费,共4节
//ke.qq.com/course/294308,【精品】抖音快手Vlog引流吸粉自媒体|新媒体赚钱|大鱼号百家号,395人最近报名,榕意新媒体学院,免费,共2节
//ke.qq.com/course/348893#term_id=100513744,中高级测试开发「名企定向培养」班-霍格沃兹测试学院,831人购买,霍格沃兹测试学院,¥52222,共47节
//ke.qq.com/course/329070#term_id=100513744,不止于就业前端技术|JavaScript底层核心|组件化开发|JS|Vue|Node,916人最近报名,妙思维JS++,免费,共28节
//ke.qq.com/course/277585#term_id=100513744,【免费试听】自媒体|新媒体运营 头条抖音Vlog大鱼百家企鹅号爆文,125人最近报名,榕意新媒体学院,免费,共5节
//ke.qq.com/course/package/22418,信息系统项目管理师-应试宝典,2人购买,清哥好课堂,¥476.22,课程5
//ke.qq.com/course/167312,【柠檬班】软件测试常用工具,70人最近报名,,免费,共6节
//ke.qq.com/course/466834,"Tomcat源码剖析分布式架构性能优化Tomcat,Java架构师_咕泡学院",592人最近报名,咕泡教育,免费,共1节
//ke.qq.com/course/253056,软件测试从小白到高手全程班【柠檬班】第66-60期,163人购买,,¥4162.22,随到随学
//ke.qq.com/course/277224,原生JS扫雷游戏实战开发【渡一教育】,345人最近报名,,免费,共1节
//ke.qq.com/course/436559,Zookeeper集群原理【图灵学院】,300人最近报名,,免费,共5节
//ke.qq.com/course/420891,软件测试之python自动化测试2(web自动化+app自动化+接口自动化）,5122人购买,,¥1462.22,随到随学
//ke.qq.com/course/430884,简明JDBC教程,587人最近报名,,免费,共5节
//ke.qq.com/course/447058,web前端学习之Javascript/js零基础到经典实战【软谋教育】,502人最近报名,软谋教育,免费,共4节
//ke.qq.com/course/package/19047,就业+NodeJS助力计划,2人购买,妙思维JS++,¥4762.22,课程3
//ke.qq.com/course/473384,性能调优专题-Java虚拟机性能调优与底层原理分析,353人最近报名,,免费,共6节
//ke.qq.com/course/package/23515,Python全栈开发,2人购买,六星云课堂,¥4662.22,课程2
//ke.qq.com/course/435156,Spring MVC源码剖析【图灵学院】,332人最近报名,,免费,共6节
//ke.qq.com/course/422892,Unity小白的游戏梦,571人最近报名,优梦创客,免费,共6节
//ke.qq.com/course/259471,SEM百度竞价培训|网络营销推广教程|360UC神马搜狗搜索引擎推广课,569人最近报名,魔贝课凡,免费,共13节
//ke.qq.com/course/package/22277,前端精英班十九期,3人购买,京程一灯,¥59622,课程2
//ke.qq.com/course/460732,kali渗透测试/web安全/白帽子黑客/网络安全/无线安全/入侵防御/,302人最近报名,领航者教育,免费,共6节
//ke.qq.com/course/441207,Linux运维教程之SSHd服（上）,36人最近报名,,免费,共5节
//ke.qq.com/course/396060,python高级软件测试开发第1-3期【柠檬班VIP】,550人购买,,¥53622,开设3个班级
//ke.qq.com/course/434740,华为HCNA/HCIA网络工程师全套实战教程（零基础小白入门到精通）,551人最近报名,新盟教育,免费,共13节
//ke.qq.com/course/436508,Go语言Golang入门至高级/micro/channel/goroutine/PHP区块链咕泡,554人最近报名,咕泡教育,免费,进度：3/3节
//ke.qq.com/course/351969,软件测试-零基础全栈就业班-【乐搏学院23-31期】,897人购买,乐搏技术学院,¥4162.22,随到随学
//ke.qq.com/course/172084,软件测试—零基础全程就业课程【动脑学院】,5307人购买,动脑学院,¥4562.22,进度：16/16节
//ke.qq.com/course/249054,0基础文案体验营——3天打开文案思维，提升工作表现,819人最近报名,,免费,共3节
//ke.qq.com/course/192413,松勤Python自动化测试（测试开发）全栈课程-试听课,032人最近报名,,免费,共10节
//ke.qq.com/course/440119,Axure原型实战班（系统学习最新的Axure9.0，已有5000+同学学习）,001人购买,,¥077.22,共87节
//ke.qq.com/course/219098,六IE认证专家 闫辉 教你真正的CCNA全套课程/CCNP/CCIE,124人最近报名,,免费,共29节
//ke.qq.com/course/198203,.NET高级开发VIP班,9866人购买,,¥9077.22,随到随学
//ke.qq.com/course/263848,闫辉  创新思科华为双厂商网络基础融合课程CCNA+HCNA=XCNA,590人最近报名,,免费,共26节
//ke.qq.com/course/159919,【松勤】软件测试从基础到高级全栈课程,166人最近报名,,免费,共17节
//ke.qq.com/course/240881,闫辉 HCIA+CCNA网络工程师入门篇,193人最近报名,,免费,共25节
//ke.qq.com/course/398855,【NEXT学院】Java全栈开发商业小程序,03人购买,腾讯课堂NEXT学院,¥077.22,共18节
//ke.qq.com/course/348775,C/C++入门到精通实战,346人最近报名,,免费,共66节
//ke.qq.com/course/225938,木泉boss-Linux高级架构师 挑战30W年薪 运维/集群/云计算,5546人最近报名,,免费,共33节
//ke.qq.com/course/398777,软件测试-Python自动化提升班【乐搏学院Web/APP/接口自动化】,582人购买,乐搏技术学院,¥1462.22,开设4个班级
//ke.qq.com/course/463732,Jmeter性能测试实战（试听课）,808人最近报名,,免费,共6节
//ke.qq.com/course/452828,Java零基础入门到精通/JavaWEB开发/Java全栈开发【六星教育】,023人最近报名,,免费,共37节
//ke.qq.com/course/package/20485,十八期前端全栈精英班,81人购买,京程一灯,¥59412,课程2
//ke.qq.com/course/125925,Java架构师技术栈/微服务/分布式/高并发/性能优化【六星教育】,015人最近报名,,免费,共14节
//ke.qq.com/course/20945,Web前端高级 html5/css3/javascript/vue/react/node/es6/webpack,021人最近报名,软谋教育,免费,共2节
//ke.qq.com/course/402016,Java高级软件测试开发第1-2期【柠檬班】,12人购买,,¥53622,开设2个班级
//ke.qq.com/course/356118,HOOK原理解析,11人最近报名,,免费,共7节
//ke.qq.com/course/444431,超级小白编程入门,49人最近报名,,免费,共1节
//ke.qq.com/course/475431#term_id=100569308,全网独家iOS自动化测试实战,5231人购买,,¥6.22,共67节
//ke.qq.com/course/248444#term_id=100569308,IT行业职业发展之路,46人最近报名,,免费,共2节
//ke.qq.com/course/249690#term_id=100569308,软件测试Python/性能/接口/安全/自动化软件测试零到精通【咕泡】,90人最近报名,咕泡教育,免费,共21节
//ke.qq.com/course/392355,Java架构师培养计划-Level one,394人购买,,¥9077.22,随到随学
//ke.qq.com/course/163071,C#/.Net从入门到实战(MVC/Winform/Sql/WPF/Ado.Net/WCF/零基础),525人最近报名,,免费,共40节
//ke.qq.com/course/435958,并发编程核心框架AQS之独占锁原理详解【图灵学院】,527人最近报名,,免费,共5节
//ke.qq.com/course/387931,【NEXT学院】Python从入门到实战·基础篇,86人购买,腾讯课堂NEXT学院,¥777.22,共33节
//ke.qq.com/course/181020,CCNA网络精品课之交换机基础原理,16人最近报名,新盟教育,免费,共1节
//ke.qq.com/course/444851,Web前端高级之javascript/js进阶实战【软谋教育】,10人最近报名,软谋教育,免费,共2节
//ke.qq.com/course/package/23554,Java架构师之源码分析专题系列教程,2人购买,猿课教育,¥3762.22,课程24
//ke.qq.com/course/167310,软件测试之常用bug管理系统【柠檬班】,01人最近报名,,免费,共2节
//ke.qq.com/course/476383,Alibaba双十一万亿级消息中间件RocketMQ实战,530人最近报名,,免费,共6节
//ke.qq.com/course/248420,高端大数据课程 精英培训计划,5893人购买,优效学院,¥1762.22,开设3个班级
//ke.qq.com/course/457576,双十一电商秒杀系统性能优化实战,527人最近报名,,免费,共5节
//ke.qq.com/course/463545,Spring Cloud微服务实战直播答疑,11人最近报名,享学课堂,免费,共1节
//ke.qq.com/course/457249,区块链 - 比特币挖矿是怎么回事？,44人最近报名,,免费,共5节
//ke.qq.com/course/458302,马哥教育2020Python运维自动化高级进阶班,07人购买,,¥7622.22,共24节
//ke.qq.com/course/429988,剑指Offer-ACM大牛带你玩转数据结构与算法,717人购买,,¥5772.22,进度：24/24节
//ke.qq.com/course/465221,HuaWei R-S,30人最近报名,,免费,共14节
//ke.qq.com/course/452840,分布式专题-亿级流量商品详情静态化与多级缓存实战【图灵学院】,502人最近报名,,免费,共6节
//ke.qq.com/course/package/18977,十七期前端全栈精英班,86人购买,京程一灯,¥59412,课程2
//ke.qq.com/course/460553,基于docker构建MySQL集群,531人最近报名,,免费,共4节
//ke.qq.com/course/448656,小闫Sir带你学习HCIA、HCIP、HCIE直通车课程,545人最近报名,,免费,共11节
//ke.qq.com/course/368563,原阿里运营总监：运营3大核心思维,78人最近报名,,免费,已结束
//ke.qq.com/course/package/21080,Python爬虫+数据分析高薪班,6人购买,青灯教育,¥8977.22,课程3
//ke.qq.com/course/464476,数据产品经理求职攻略，老师带你破解面试关键点,593人最近报名,,免费,共1节
//ke.qq.com/course/413397,技术转产品，技术思维是阻力还是助力？,581人最近报名,,免费,共1节
//ke.qq.com/course/456623,深入理解内存模型与多线程结果-jvm模型,514人最近报名,,免费,共7节
//ke.qq.com/course/385317,LayaAir2.0全栈开发,597人最近报名,博毅创为大学堂,免费,共10节
//ke.qq.com/course/152747,2020软考--系统集成项目管理工程师-基础知识(上) 视频课程,163人购买,小任老师,¥577.22,共29节
//ke.qq.com/course/457269,解密区块链核心密码学,94人最近报名,,免费,共5节
//ke.qq.com/course/425758,Java分布式电影预告小程序后台,72人购买,享学课堂,¥966.22,共22节
//ke.qq.com/course/479381,数据结构精华-HashMap+ConcurrentHashMap,14人最近报名,,免费,共5节
//ke.qq.com/course/212406,SEO网站优化SEO网赚|熊掌号|网站建设|快速排名|网络推广网络营销,945人最近报名,魔贝课凡,免费,共6节
//ke.qq.com/course/430872,深入虚拟机底层分析synchronized【图灵学院】,16人最近报名,,免费,共4节
//ke.qq.com/course/package/20421,Python全栈+爬虫套餐,53人购买,马哥教育,¥9162.22,课程2
//ke.qq.com/course/330297,云计算方向Cloud 技术解析 实战学习华为认证HCNA/HCNP/HCIE,516人最近报名,SPOTO思博网络,免费,共46节
//ke.qq.com/course/445311,2019马哥最新版高端Linux运维云计算年薪30W经典入门教程,5556人最近报名,,免费,共15节
//ke.qq.com/course/431437,JSP入门 JSP教程 Servlet javaweb web基础 web核心 jsp内置对象,384人最近报名,拓薪教育,免费,共1节
//ke.qq.com/course/package/20439,全栈+爬虫+数据+AI,42人购买,马哥教育,¥6622.22,课程4
//ke.qq.com/course/181003,CCNA网络精品课之IPV6+tunnel,58人最近报名,新盟教育,免费,共1节
//ke.qq.com/course/package/20422,Python数据分析AI套餐,55人购买,马哥教育,¥1362.22,课程4
//ke.qq.com/course/466825,"彻底理解单例,单例面试分享java高级,Java架构师进阶【咕泡学院】",16人最近报名,咕泡教育,免费,共1节
//ke.qq.com/course/181007,CCNA网络精品课之OSPF,32人最近报名,新盟教育,免费,共1节
//ke.qq.com/course/package/22693,移动全栈android+ios企业级项目实战swift/java/xcode,5人购买,爱学啊,¥8977.22,课程2
//ke.qq.com/course/335395,python爬虫教程-马哥全新Python商业爬虫实战,391人最近报名,马哥教育,免费,共2节
//ke.qq.com/course/287331,Java基础入门阶段（javase教程，零基础java入门教程）（阶段一）,455人购买,拓薪教育,¥177.22,共212节
//ke.qq.com/course/335521,马哥python教程-零基础Python快速入门教程,5627人最近报名,马哥教育,免费,共7节
//ke.qq.com/course/60266,C#从基础快速实战项目【上位机和全栈开发必会】,093人最近报名,,免费,共24节
//ke.qq.com/course/334490,shell教程-2019全新Shell脚本入门教程,578人最近报名,,免费,共1节
//ke.qq.com/course/package/16733,坦克大战+java架构师,834人购买,马士兵老师,¥53062,课程6
//ke.qq.com/course/471855,黑客渗透工程师/区块链/云计算/Linux运维网络安全/架构师/python,595人最近报名,掌控安全学院,免费,共5节
//ke.qq.com/course/335137,马哥linux教程-2019全新Nginx实战web服务企业实战,374人最近报名,,免费,共1节
//ke.qq.com/course/package/11688,网络营销全真项目实操,2人购买,深圳人次方计算机信息咨询有限公司,¥0777.22,课程6
//ke.qq.com/course/475003,Zookeeper读写锁实现~关于分布式锁的概念剖析【图灵学院】,46人最近报名,,免费,共4节
//ke.qq.com/course/package/21981,java高薪就业班,81人购买,拓薪教育,¥1072.22,课程4
//ke.qq.com/course/443503,手写同步器锁反推AQS核心原理【图灵学院】,04人最近报名,,免费,共3节
//ke.qq.com/course/335548,马哥python教程-Python框架Django开发实战,808人最近报名,马哥教育,免费,共2节
//ke.qq.com/course/420158,掌控安全/kali/黑客信息安全/网络安全/渗透/linux/编程语言/架构,326人最近报名,,免费,共2节
//ke.qq.com/course/453543,"并发编程从入门到入魔,Java架构并发编程特训营【咕泡学院】",155人购买,咕泡教育,¥577.22,进度：3/3节
//ke.qq.com/course/172375,CCNA网络精品课之网络是什么？,54人最近报名,新盟教育,免费,共22节
//ke.qq.com/course/347420,移动互联网架构开发（VIP班）【享学课堂】,157人购买,享学课堂,¥9762.22,进度：15/20节
//ke.qq.com/course/172512,CCNA网络精品课之OSI七层模型,51人最近报名,新盟教育,免费,共2节
//ke.qq.com/course/335124,mysql教程-马哥2019全新Mysql配置和安装实战,549人最近报名,,免费,共1节
//ke.qq.com/course/466808,"2小时通晓分布式架构10年来的演变,Java架构师进阶【咕泡学院】",93人最近报名,咕泡教育,免费,共1节
//ke.qq.com/course/package/22760,真正的Java高级工程师实战课程,556人购买,黄埔课堂,¥3762.22,课程30
//ke.qq.com/course/255940,CCNA小白入门之七分钟小视频【第二季】,1人最近报名,新盟教育,免费,共4节
//ke.qq.com/course/428407,掌控cisp/cissp/pte/国家级认证/kali/黑客信息安全/网络安全渗透,830人最近报名,,免费,共3节
//ke.qq.com/course/421612,Web前端高级工程师培养计划 第十三期 LEVEL ONE【渡一教育】,596人购买,,¥6577.22,共19节
//ke.qq.com/course/393869,前端0基础速成+精选实战项目,5万人购买,蝉壳学院,¥777.22,共26节
//ke.qq.com/course/431451,mysql mysql入门 mysql入门到精通 mysql教程 sql 数据库 java,5273人最近报名,拓薪教育,免费,共7节
//ke.qq.com/course/293193,【VIP体验课】精选Java高并发分布式架构课【云析学院】,3477人最近报名,云析学院,免费,共19节
//ke.qq.com/course/package/11609,iOS底层原理班,859人购买,小码哥教育,¥0062.22,课程3
//ke.qq.com/course/418411,RHCSA视频合集（全）,52人最近报名,新盟教育,免费,共4节
//ke.qq.com/course/433265,如何着手打造阿里鹰眼分布式监控平台【图灵学院】,38人最近报名,,免费,共4节
//ke.qq.com/course/439509,Web前端高级工程师培养计划 第十四期 LEVEL ONE【渡一教育】,590人购买,,¥6577.22,共17节
//ke.qq.com/course/476387,SpringCloudAlibaba-Seata源码,07人最近报名,,免费,共6节
//ke.qq.com/course/441192,Linux运维教程之shell脚本答疑,52人最近报名,,免费,共1节
//ke.qq.com/course/469093,2分钱买600分钟jmeter性能实战,5857人购买,,¥92.22,共13节
//ke.qq.com/course/466323,带你玩转spring手写分库分表中间件,09人最近报名,,免费,共5节
//ke.qq.com/course/431404,HCIA直播课 华为认证网络工程师（SPOTO）,974人购买,,¥877.22,共16节
//ke.qq.com/course/470776,双十二 ~~ 带你玩转源码之Spring Boot分库分表,88人最近报名,,免费,共6节
//ke.qq.com/course/437656,Linux运维教程之Linux-firewalld,58人最近报名,,免费,共1节
//ke.qq.com/course/470284,Spring整合springmvc,04人最近报名,,免费,共5节
//ke.qq.com/course/220032,六个方向CCIE专家讲师教你CCNP+HCNP,5728人购买,,¥0922.22,随到随学
//ke.qq.com/course/172514,CCNA网络精品课之静态路由篇,58人最近报名,新盟教育,免费,共1节
//ke.qq.com/course/361262,软件测试-零基础全栈就业班-【乐搏学院27-35期】,525人购买,乐搏技术学院,¥4162.22,随到随学
//ke.qq.com/course/437647,Linux运维Linux云计算高级架构/Docker/mySQL/linux运维工程师,82人最近报名,,免费,共19节
//ke.qq.com/course/475335,创建型设计模式精讲及在Spring和JDK源码中的应用,95人最近报名,,免费,共4节
//ke.qq.com/course/212432,SEO到底咋做？搜索引擎优化总监实战VIP课堂【透析2019最新案例】,6772人购买,魔贝课凡,¥8777.22,随到随学
//ke.qq.com/course/471003,深入理解Spring整合MyBatis源码真谛,92人最近报名,,免费,共5节
//ke.qq.com/course/441200,Linux运维教程之find+sed+awk（上）,39人最近报名,,免费,共1节
//ke.qq.com/course/package/22170,小程序云开发上线你的AI拍照识花小程序,5人购买,全栈开发者阿耿,¥77.22,课程2
//ke.qq.com/course/436307,Axure大作战-产品新人的原型学习营,333人最近报名,,免费,共4节
//ke.qq.com/course/256416,威哥手把手解析Java核心技术-VIP配套基础课,68人购买,扣丁学堂,¥377.22,共32节
//ke.qq.com/course/472282,学习新媒体运营精品课 | 新媒体运营的从0到1,559人最近报名,,免费,共5节
//ke.qq.com/course/package/15629,抖音快手 赠小课,32人购买,网师学院,¥076.22,课程9
//ke.qq.com/course/461778,超值赠送课：高级产品经理教你做好项目管理工作,546人最近报名,,免费,共3节
//ke.qq.com/course/421917,华为认证HCIA初级网络工程师（蔡老师带你从零开始学网络工程师）,41人最近报名,北京华尔思网络实验室,免费,进度：16/17节
//ke.qq.com/course/472314,如何构建数据产品经理的业务、数据、产品能力三角,357人最近报名,,免费,共1节
//ke.qq.com/course/443607,Java互联网架构师,84人最近报名,逻辑教育,免费,共10节
//ke.qq.com/course/344873,4周文案训练营，快速掌握10年职业文案人的私家绝活（第18期）,5202人购买,,¥177.22,共50节
//ke.qq.com/course/447715,美团架构师解密千万级高并发红包系统架构,40人最近报名,,免费,共5节
//ke.qq.com/course/181019,CCNA网络精品课之IP地址,83人最近报名,新盟教育,免费,共1节
//ke.qq.com/course/396898,Java企业级就业在线培训班,921人购买,拓薪教育,¥9177.22,随到随学
//ke.qq.com/course/181014,CCNA网络精品课之VLAN,85人最近报名,新盟教育,免费,共1节
//ke.qq.com/course/476558,软件测试之python自动化测试3(web自动化+app自动化+接口自动化）,89人购买,,¥1462.22,随到随学
//ke.qq.com/course/268182,思科全套模拟器讲解 思科认证网络工程师 CCNA/CCNP/CCIE,03人最近报名,新盟教育,免费,共3节
//ke.qq.com/course/481381,零基础数据分析与挖掘——Python实战课程,5807人最近报名,郑臣亮,免费,共9节
//ke.qq.com/course/433341,spring aop底层实现asm剖析【图灵学院】,72人最近报名,,免费,共4节
//ke.qq.com/course/432114,SPOTO-HCIP直播课 华为认证网络工程师+项目实战,939人购买,,¥3772.22,共20节
//ke.qq.com/course/210945,Python开发/自动化/网络爬虫/运维/从入门到精通【动脑学院】,596人最近报名,动脑学院,免费,共24节
//ke.qq.com/course/452129,太阁ccna/hcia+ccnp/hcip周作业讲解,40人最近报名,,免费,共5节
//ke.qq.com/course/428084,墨子学院新纪元seovip课程-专注内页排名和流量提升特训营,3240人购买,墨子学院,¥0262.22,开设3个班级
//ke.qq.com/course/470675,Jmeter高级性能测试实战课程发布会,75人最近报名,,免费,共2节
//ke.qq.com/course/474944,Redis高并发分布式锁~Redisson框架实现分布式锁【图灵学院】,68人最近报名,,免费,共4节
//ke.qq.com/course/package/19346,dubbo+SpringCloud,7人购买,小D课堂,¥97.22,课程2
//ke.qq.com/course/460207,手写Zookeeper分布式服务注册中心,00人最近报名,,免费,共5节
//ke.qq.com/course/181016,CCNA网络精品课之EIGRP,6人最近报名,新盟教育,免费,共2节
//ke.qq.com/course/443640,软件测试之App自动化测试/Appium实战全解【柠檬班】,5354人购买,,¥97.72,共36节
//ke.qq.com/course/439747,Linux运维教程之目录结构-文件系统,54人最近报名,,免费,共39节
//ke.qq.com/course/452795,零侵入监控系统实现-系统架构和核心技术点【图灵学院】,85人最近报名,,免费,共4节
//ke.qq.com/course/377989,Java分布式互联网架构/微服务/高性能/springboot/springcloud,32人购买,拓薪教育,¥8777.22,共103节
//ke.qq.com/course/480918,深入理解线程与线程池原理-业务调优实战【图灵学院】,03人最近报名,,免费,共5节
//ke.qq.com/course/214211,Web前端全栈HTML5+大神之路,322人购买,扣丁学堂,¥9322.22,随到随学
//ke.qq.com/course/455555,Zookeeper读写锁实现,03人最近报名,,免费,共5节
//ke.qq.com/course/475237,【松勤】web安全测试实战体验课,05人最近报名,,免费,共2节
//ke.qq.com/course/473213,全网最牛JVM字节码结构分析,13人最近报名,,免费,共4节
//ke.qq.com/course/198810,seo内页排名技术-大量关键词排名操作方法-特殊关键词快速排名,0225人购买,墨子学院,¥8962.22,随到随学
//ke.qq.com/course/362222,【官方推荐】特聘专家指导轻松入门Linux,42人最近报名,,免费,共56节
//ke.qq.com/course/326208,软件测试从小白到高手全程班【柠檬班】第65-54期,141人购买,,¥4162.22,随到随学
//ke.qq.com/course/322965,eNSP模拟器 华为认证网络工程师 HCNA/HCNP/HCIE,539人最近报名,,免费,共5节
//ke.qq.com/course/335119,Linux教程-2019全新ansible入门到精通,550人最近报名,,免费,共1节
//ke.qq.com/course/168816,软件测试/接口/性能/自动化/测试开发/从入门到精通【动脑学院】,508人最近报名,动脑学院,免费,共35节
//ke.qq.com/course/362314,【NEXT学院】人人都会微信小程序实战进阶,5618人购买,腾讯课堂NEXT学院,¥577.22,共13节
//ke.qq.com/course/333991,Linux安装教程-2019全新计算机基础和Linux快速安装教程,506人最近报名,,免费,共1节
//ke.qq.com/course/250008,.NET/C#高级进阶/.NetCore/EF6/MVC5/设计模式/NoSql,63人最近报名,,免费,共12节
//ke.qq.com/course/package/22428,年薪“50W+”高薪就业班,2人购买,享学课堂,¥51662,课程8
//ke.qq.com/course/131067,【松勤】Python编程实战（自动化测试课程体系）,60人最近报名,,免费,共10节
//ke.qq.com/course/334447,马哥Linux教程-2019全新正则表达式及vim进阶,67人最近报名,,免费,共1节
//ke.qq.com/course/472311,新媒体的行业趋势 |从微信到抖音，了解新媒体全貌,14人最近报名,,免费,共1节
//ke.qq.com/course/210978,年薪30万的大数据开发从入门到精通【马哥教育】,513人最近报名,马哥教育,免费,共3节
//ke.qq.com/course/414483#term_id=100494380,全网最全最细Fiddler抓包工具，没有之一【柠檬班】,8574人购买,,¥2.23,共25节
//ke.qq.com/course/119808#term_id=100494380,Linux运维及云计算年薪30W入门经典教程【马哥亲讲】,809人最近报名,,免费,共32节
//ke.qq.com/course/479136#term_id=100494380,一毕业就年薪20万的IT互联网岗位推荐,54人最近报名,科迪思,免费,共4节
//ke.qq.com/course/package/19327,ELK+SpringCloud,1人购买,小D课堂,¥92.12,课程2
//ke.qq.com/course/435521#term_id=100494380,Mysql读写分离【图灵学院】,98人最近报名,,免费,共5节
//ke.qq.com/course/466818#term_id=100494380,"Base64原理剖析,Base64面试java高级,Java架构师进阶【咕泡学院】",18人最近报名,咕泡教育,免费,共1节
//ke.qq.com/course/441176,Linux运维教程,55人最近报名,,免费,共4节
//ke.qq.com/course/143145,【动脑学院VIP】50W年薪安卓Android架构性能优化UI/NDK/Flutter,9312人购买,动脑学院,¥1662.22,进度：114/125节
//ke.qq.com/course/268724,轻松入门高薪Linux云计算【马哥教育】,70人最近报名,,免费,共7节
//ke.qq.com/course/348394,吴光科-Docker容器企业实战剖析,583人最近报名,,免费,共5节
//ke.qq.com/course/229547,JAVA架构师黄埔班,5634人购买,,¥1077.22,进度：9/11节
//ke.qq.com/course/181011,CCNA网络精品课之基础命令集,9人最近报名,新盟教育,免费,共1节
//ke.qq.com/course/246699,2020软考-信息系统项目管理师-基础知识(下) 新版教程,826人购买,小任老师,¥577.22,共34节
//ke.qq.com/course/181018,CCNA网络精品课之RIP,4人最近报名,新盟教育,免费,共1节
//ke.qq.com/course/244938,C/C++ Linux服务器开发/高级架构师课程【动脑学院】,001人购买,动脑学院,¥9762.22,进度：6/14节
//ke.qq.com/course/181021,CCNA网络精品课之ACL访问控制列表,6人最近报名,新盟教育,免费,共1节
//ke.qq.com/course/138056,.NET/C#零基础高薪就业(全栈开发/BS/CS/WPF/WCF/Winform/Sql）,00人最近报名,,免费,共21节
//ke.qq.com/course/181012,CCNA网络精品课之NAT+PPP+DHC,7人最近报名,新盟教育,免费,共1节
//ke.qq.com/course/459368,Sql+Winform实战学习体验课(多录播/实战/零基础/就业),593人最近报名,朝夕教育,免费,共41节
//ke.qq.com/course/368487,人工智能商业实战AI深度学习/机器学习/Python/大数据_咕泡教育,373人购买,咕泡教育,¥51622,进度：6/12节
//ke.qq.com/course/258118,抖音涨粉引流上热门|抖音卖货|抖音vlog|好物推荐|短视频运营,356人最近报名,微客教育,免费,共2节
//ke.qq.com/course/202389,高端JAVA架构课程 精英培训计划,5190人购买,优效学院,¥4762.22,开设2个班级
//ke.qq.com/course/355342,网赚社群淘客+淘宝客+淘宝联盟+内部优惠券淘宝客网络营销推广,806人最近报名,微客教育,免费,共2节
//ke.qq.com/course/85959,Java微信二次开发从基础到项目实战【融通学院】,42人最近报名,融通教育,免费,共16节
//ke.qq.com/course/package/22777,"Vue还原饿了么实战项目集合包(1,2,3,4)",33人购买,米修在线,¥577.22,课程4
//ke.qq.com/course/480917,深入理解多线程设计与JMM内存模型-JSR133规范【图灵学院】,58人最近报名,,免费,共5节
//ke.qq.com/course/437653,Linux运维教程Linux--逻辑卷管理LVM+防火前iptables,7人最近报名,,免费,共1节
//ke.qq.com/course/439625,Loadrunner/Jmeter 高级性能测试4期,18人购买,,¥9622.22,随到随学
//ke.qq.com/course/480900,"程序员为什么这么累?30岁不一定就是槛,java高级,架构师_咕泡学院",52人最近报名,咕泡教育,免费,共1节
//ke.qq.com/course/181010,CCNA网络精品课之ARP协议篇,1人最近报名,新盟教育,免费,共13节
//ke.qq.com/course/package/22059,Cocos Creator核心技术集,6人购买,IT老兵,¥87.22,课程2
//ke.qq.com/course/481972,"SpringAOP基石之探寻动态代理的奥秘java高级,架构师_咕泡学院",55人最近报名,咕泡教育,免费,共1节
//ke.qq.com/course/441182,Linux运维教程之-用户与文件管理,3人最近报名,,免费,共2节
//ke.qq.com/course/package/20163,Python全栈自动化24期,511人购买,柠檬班,¥1462.22,课程2
//ke.qq.com/course/441205,Linux运维教程之find+sed+awk（下）,58人最近报名,,免费,共1节
//ke.qq.com/course/153325,2020软考--系统集成项目管理工程师-基础知识(下) 视频课程,133人购买,小任老师,¥577.22,共29节
//ke.qq.com/course/181013,CCNA网络精品课之VTP协议,52人最近报名,新盟教育,免费,共1节
//ke.qq.com/course/package/18728,Python全栈自动化22期,546人购买,柠檬班,¥1462.22,课程2
//ke.qq.com/course/437650,Linux运维教程-Linux云计算之RAID,4人最近报名,,免费,共1节
//ke.qq.com/course/329649,网络营销全科精讲|最全网络推广手段：微信QQ营销新媒体运营,550人最近报名,泛学苑自媒体,免费,共2节
//ke.qq.com/course/180908,CCNA网络精品课之ARP协议篇,8人最近报名,新盟教育,免费,共1节
//ke.qq.com/course/477287,2020年信息系统项目管理师直播课 Tikubook软考徐风老师,094人最近报名,徐风老师,免费,2020-1-21开讲
//ke.qq.com/course/457322,产品经理训练营,6人购买,米你课堂,¥7222.22,进度：15/30节
//ke.qq.com/course/163765,游戏服务器开发与设计,531人最近报名,博毅创为大学堂,免费,进度：2/4节
//ke.qq.com/course/434219,JAVA高级开发 架构师课程（多线程 高并发 高可用 高扩展）,557人最近报名,码巢学院,免费,进度：7/19节
//ke.qq.com/course/335003,Linux教程-2019全新CCNA网络入门及TCP/IP协议,73人最近报名,,免费,共1节
//ke.qq.com/course/154754,产品入门第一课｜成为快速升职加薪的少数人,60人最近报名,,免费,共40节
//ke.qq.com/course/220822,前端全栈工程师精英班,450人购买,,¥59322,随到随学
//ke.qq.com/course/402022,java java基础 eclipse eclipse使用 eclipse教程 java零基础,524人最近报名,拓薪教育,免费,共10节
//ke.qq.com/course/27918,JAVA架构师 JAVA高级开发【软谋教育】,83人最近报名,,免费,共6节
//ke.qq.com/course/package/19025,JAVA基础+互联网架构,42人购买,马士兵老师,¥50762,课程9
//ke.qq.com/course/337333,Wireshark网络分析实战-从入门到精通,523人最近报名,,免费,共3节
//ke.qq.com/course/183479,微信小程序开发实战课程,671人最近报名,软谋教育,免费,共4节
//ke.qq.com/course/package/19024,互联网架构+人工智能,0人购买,马士兵老师,¥33042,课程10
//ke.qq.com/course/347602,淘宝商城项目实战开发【渡一教育】,090人最近报名,,免费,共2节
//ke.qq.com/course/421493,0基础-带你进入Linux世界/运维/云计算/RedHat/Centos7【学神】,546人最近报名,,免费,共8节
//ke.qq.com/course/407046,robotframework自动化测试框架从入门到项目实战4-1期,5011人购买,,¥3122.22,随到随学
//ke.qq.com/course/421576,马士兵Java零基础入门【马士兵教育】,5026人最近报名,,免费,共21节
//ke.qq.com/course/470288,空间数据可视化系列直播课,588人最近报名,脉策数据,免费,共1节
//ke.qq.com/course/474610,学神Linux高薪运维云计算全程班/全程直播/终身学习/一对一辅导,86人购买,学神 IT 教育,¥1742.22,进度：1/62节
//ke.qq.com/course/334998,十年授课闫Sir带你解析HCIE3.0时代,59人最近报名,,免费,进度：23/23节
//ke.qq.com/course/162814,李院长-python全栈 自动化 爬虫 数据分析 人工智能 【京峰教育】,615人最近报名,,免费,共1节
//ke.qq.com/course/412380,Python全栈开发/爬虫/人工智能/机器学习/数据分析【千锋教育】,520人购买,扣丁学堂,¥4362.22,随到随学
//ke.qq.com/course/291107,马哥Linux高端运维云计算就业班-随到随学+一对一辅导+定期直播,5218人购买,,¥9162.22,共33节
//ke.qq.com/course/441167,Linux运维教程之重定向、管道符与环境变量,8人最近报名,,免费,进度：1/1节
//ke.qq.com/course/package/17337,Python全栈自动化测试,585人购买,柠檬班,¥1462.22,课程2
//ke.qq.com/course/441210,Linux运维教程之SSHd服（下）,3人最近报名,,免费,共2节
//ke.qq.com/course/377329,学神IT毕业VIP学员经典项目分享课,50人最近报名,,免费,共10节
//ke.qq.com/course/441629,Linux运维教程之进程管理（上）,0人最近报名,,免费,共1节
//ke.qq.com/course/package/20882,JAVA高级架构课,442人购买,图灵学院,¥4662.22,课程2
//ke.qq.com/course/380270,Zabbix分布式监控系统企业级实战【京峰教育】,17人最近报名,,免费,共1节
//ke.qq.com/course/335499,2019马哥python教程-Python网站web开发实战,98人最近报名,马哥教育,免费,共2节
//ke.qq.com/course/315275,思科认证CCNP理论+实战,868人购买,超有趣学网络,¥3776.22,共10节
//ke.qq.com/course/134017,深入浅出带你学Python冲击年薪30万【马哥教育】,611人最近报名,马哥教育,免费,共43节
//ke.qq.com/course/139272,CD-Linux高级运维架构师课程/云计算/安全/docker/虚拟化/调优,89人最近报名,,免费,共10节
//ke.qq.com/course/package/21169,Python爬虫工程师高薪就业班,4人购买,青灯教育,¥8471.22,课程3
//ke.qq.com/course/472331,抖音运营百科：抖音上热门技巧，抖音不花钱怎么上热门,87人最近报名,微客教育,免费,共1节
//ke.qq.com/course/477738,太阁XCNP精品试听课,52人最近报名,,免费,共4节
//ke.qq.com/course/289623,.NET/C#工控上位机VIP系统学习班【喜科堂互联教育】,453人购买,,¥9077.22,共89节
//ke.qq.com/course/478470,ISTQB国际软件测试工程师认证解读,7人最近报名,,免费,共2节
//ke.qq.com/course/package/20773,互联网架构师+大数据,989人购买,马士兵老师,¥54762,课程9
//ke.qq.com/course/438157,Jenkins持续集成实战系列,11人最近报名,,免费,共3节
//ke.qq.com/course/438368,腾讯云计算 腾讯云认证系列公开课,40人最近报名,,免费,共159节
//ke.qq.com/course/232664,Linux云计算高端架构班/内核调优/亿万PV优化/kubernetes/Docker/,732人购买,,¥4962.22,进度：91/94节
//ke.qq.com/course/405703,Kafka分布式消息中间件分析【源码学院】 只为培养BAT程序员而生,559人最近报名,源码学院,免费,共3节
//ke.qq.com/course/329798,PS试听课 淘宝美工/LOGO设计/网页设计/设计思路/色彩设计,90人最近报名,泛学苑自媒体,免费,共2节
//ke.qq.com/course/346231,Java框架项目尊享铂金专业培训课程,392人购买,拓薪教育,¥3777.22,随到随学
//ke.qq.com/course/364550,WOLF HCNA全套课程-为零基础、初学者量身打造-理论与配置案例,335人最近报名,沃尔夫CCIE实验室,免费,共27节
//ke.qq.com/course/450140,软件测试/Python/接口/自动化/面试/测试框架/入门到精通,781人最近报名,测码学院,免费,共9节
//ke.qq.com/course/package/19345,idea+SpringCloud,1人购买,小D课堂,¥03.22,课程2
//ke.qq.com/course/420992,C#/.NET编程零基础到精通(MVC5/Winform/DEV/SqlServer/WPF/WCF),069人最近报名,灵犀教育,免费,共52节
//ke.qq.com/course/365876,【官方推荐】红帽Linux认证RHCE基础班,800人购买,,¥377.22,2020-2-13开讲
//ke.qq.com/course/422026,python基础编程/爬虫/人工智能/AI/数据分析/机器学习/深度学习,119人最近报名,灵犀教育,免费,共20节
//ke.qq.com/course/386651,Web前端开发H5/|javascript/JS/ES6/vue/react/webpack/node/mvvm,8548人最近报名,金渡教育,免费,共21节
//ke.qq.com/course/240847,【城市数据研习社】大咖讲堂,80人最近报名,脉策数据,免费,共17节
//ke.qq.com/course/package/23240,全栈开发+蜕变架构【全能加薪，只争朝夕】,2人购买,朝夕教育,¥1977.22,课程2
//ke.qq.com/course/424726,SpringBoot集成MyBatis的各种方式全面解析【图灵学院】,321人最近报名,,免费,共4节
//ke.qq.com/course/190273,安全公开课 思科网络认证工程师 Cisco Security CCNA/CCNP/CCIE,03人最近报名,,免费,共40节
//ke.qq.com/course/59314,.NET/C#全栈开发高级VIP班【C/S+B/S+10个项目实战】,3486人购买,,¥0077.22,随到随学
//ke.qq.com/course/242131,尚学堂AI人工智能、深度学习、Python系列课程！,16人最近报名,中科云数（北京）科技有限公司,免费,进度：22/22节
//ke.qq.com/course/51411,HTML+CSS基础10天精通【学神IT教育】,68人最近报名,学神IT教育,免费,共9节
//ke.qq.com/course/package/6351,java阶段三四-vip组合,36人购买,拓薪教育,¥8822.22,课程4
//ke.qq.com/course/422056,Loadrunner/Jmeter 高级性能测试实战试听课,665人购买,,¥2.23,共10节
//ke.qq.com/course/package/22073,用友U8全套课程,3人购买,万晓明,¥922.22,课程16
//ke.qq.com/course/436967,【柠檬班】软件测试必备linux之xshell及xftp的安装及使用秘诀,827人购买,,¥2.23,共13节
//ke.qq.com/course/package/19256,SSH/SSM框架篇,56人购买,高新强,¥166.22,课程4
//ke.qq.com/course/467439,TCP/IP网络知识必备及Wireshark抓包工具详解,593人购买,,¥2.23,共24节
//ke.qq.com/course/442848,海量数据分库分表正确姿势/Java架构师进阶【咕泡学院】,044人购买,咕泡教育,¥7.72,共4节
//ke.qq.com/course/436966,robotframework自动化测试框架从入门到精通,591人购买,,¥2.23,共5节
//ke.qq.com/course/443317,"深入剖析MySQL索引原理,java高级,Java架构师进阶【咕泡学院】",543人购买,咕泡教育,¥5.22,共4节
//ke.qq.com/course/package/19343,并发编程实战+jvm,51人购买,小D课堂,¥97.22,课程2
//ke.qq.com/course/355426,自媒体引流微商创业宝妈兼职项目淘宝客网赚微信营销客源百度排名,34人最近报名,微客教育,免费,共2节
//ke.qq.com/course/460773,大型互联网企业分布式ID生成策略解密【鲁班学院】,056人最近报名,鲁班学院,免费,共5节
//ke.qq.com/course/355391,抖音吸粉引流，抖音上热门微商引流加好友|网络营销|销售网络推广,88人最近报名,微客教育,免费,共2节
//ke.qq.com/course/107371,Unity高级架构师精品课 框架/热更新/Shader/性能调优/帧同步,452人最近报名,博毅创为大学堂,免费,进度：10/26节
//ke.qq.com/course/package/17947,前端基础 × Vue.js,5人购买,腾讯课堂NEXT学院,¥8177.22,课程2
//ke.qq.com/course/97604,Cocos/Creator/小游戏创业精品课,5206人最近报名,博毅创为大学堂,免费,进度：13/22节
//ke.qq.com/course/465057,名师带你快速入门测试—jmeter性能测试实战课,16人最近报名,博为峰网校在线教育,免费,共1节
//ke.qq.com/course/218013,java互联网阶段（阶段四）,405人购买,拓薪教育,¥5777.22,共57节
//ke.qq.com/course/456250,java网络编程NIO的原理【鲁班学院】,540人最近报名,鲁班学院,免费,共3节
//ke.qq.com/course/466469,【官方授权】千锋红帽RHCE/RHCSA认证考试课程（含考试费）,04人购买,扣丁学堂,¥9762.22,共65节
//ke.qq.com/course/448266,springcloud Eureka源码深入解析【鲁班学院】,587人最近报名,鲁班学院,免费,共4节
//ke.qq.com/course/108450,Cisco CCNP/CCIE思科认证网络工程师 实战进阶提高班,55人最近报名,,免费,共1节
//ke.qq.com/course/418898,掌控安全/kali/黑客信息安全/网络安全/渗透/linux/编程语言/架构,92人最近报名,,免费,共2节
//ke.qq.com/course/261054,华为认证HCNA初级网络工程师（从零开始学网络工程师：周军）,834人购买,北京华尔思网络实验室,¥555.22,开设2个班级
//ke.qq.com/course/155562,搞定Linux运维及云计算年薪30万-基础入门【马哥教育】,31人最近报名,,免费,共54节
//ke.qq.com/course/470522,JAVA涨薪突击班2020年面试Offer高并发分布式【动脑学院】,38人购买,动脑学院,¥8777.22,2020-3-8开讲
//ke.qq.com/course/335035,linux网络教程-马哥2019全新网络管理与配置实战,37人最近报名,,免费,共1节
//ke.qq.com/course/479045,95%的面试必问的Java性能调优知识点1.14-助理微信：19974933013,5021人购买,,¥77.22,进度：8/8节
//ke.qq.com/course/334972,Linux教程-2019全新find文件查找及sed用法,57人最近报名,,免费,共1节
//ke.qq.com/course/418900,掌控安全/kali/黑客信息安全/网络安全/渗透/linux/编程语言/架构,34人最近报名,,免费,共2节
//ke.qq.com/course/334360,Linux教程-2019全新Linux文件目录管理和管道,53人最近报名,,免费,共1节
//ke.qq.com/course/package/21564,《数据结构和算法》,2人购买,蓝桥学院,¥576.22,课程3
//ke.qq.com/course/334429,Linux教程-2019全新Linux文件权限和文本处理,7人最近报名,,免费,共1节
//ke.qq.com/course/package/17756,java企业级高薪班,79人购买,拓薪教育,¥4072.22,课程4
//ke.qq.com/course/334402,Linux教程-2019全新Linux用户和权限管理,54人最近报名,,免费,共1节
//ke.qq.com/course/403570,java就业外包公司该不该去,35人最近报名,拓薪教育,免费,共1节
//ke.qq.com/course/335486,2019马哥python教程-Python网络编程实战,81人最近报名,马哥教育,免费,共2节
//ke.qq.com/course/155896,【动脑学院VIP】高性能分布式架构800多个互联网实战技术,1670人购买,动脑学院,¥4662.22,开设2个班级
//ke.qq.com/course/335480,马哥python教程-2019全新Python排序、冒泡字符串实战,36人最近报名,马哥教育,免费,共2节
//ke.qq.com/course/95252,SPOTO思科认证数据中心（DC）方向DateCenter公开课,55人最近报名,,免费,共6节
//ke.qq.com/course/432878,Vue从入门到实战【渡一教育】,5257人最近报名,,免费,共2节
//ke.qq.com/course/322853,JavaEE就业班（第四阶段）,507人购买,柠檬学院,¥3577.22,共17节
//ke.qq.com/course/421232,Python编程/AI/人工智能/爬虫/数据分析/机器学习/深度学习,056人最近报名,灵犀教育,免费,共19节
//ke.qq.com/course/package/23107,高薪大神就业班,3人购买,杰越学院,¥6662.22,课程2
//ke.qq.com/course/167307,软件测试之突破笔试面试【柠檬班】,15人最近报名,,免费,共3节
//ke.qq.com/course/54122,SPOTO录播课-CCNP思科认证网络工程师-红茶三杯路由交换RS,05人最近报名,,免费,共25节
//ke.qq.com/course/447569,人人都会微信小程序,826人购买,腾讯课堂NEXT学院,¥577.22,共15节
//ke.qq.com/course/310538,java基础 java练习题 java作业题 作业题 java入门 java课后作业,90人最近报名,拓薪教育,免费,共7节
//ke.qq.com/course/335131,linux教程-马哥2019全新LVS负载均衡实战,99人最近报名,,免费,共1节
//ke.qq.com/course/package/21776,【更新】10期新媒体+抖音综合包,539人购买,榕意新媒体学院,¥0671.22,课程2
//ke.qq.com/course/179440,java分布式互联网架构/微服务/高性能/高可用/java分布式项目,65人最近报名,拓薪教育,免费,共35节
//ke.qq.com/course/482475,软件测试经典面试题剖析，金三银四面试涨薪so easy,0人购买,,¥2.23,共13节
//ke.qq.com/course/417487,H5大前端全栈VIP就业班配套基础课（赠送）,5690人购买,扣丁学堂,¥377.22,共39节
//ke.qq.com/course/441632,Linux运维教程之进程管理（下）,0人最近报名,,免费,共2节
//ke.qq.com/course/423400,Linux运维架构/云计算/centos7/shell/脚本/if/for/sed/awk/学神,554人最近报名,,免费,共6节
//ke.qq.com/course/383923#term_id=100545479,太阁闫辉XCNA网络认证VIP班,147人购买,,¥76.22,随到随学
//ke.qq.com/course/417914#term_id=100545479,城市数据分析师体验课,557人最近报名,脉策数据,免费,共7节
//ke.qq.com/course/430772#term_id=100545479,iOS逆向入门精讲,571人购买,,¥7.72,共1节
//ke.qq.com/course/344083#term_id=100545479,Java基础入门到精通尊享铂金专业培训课程（直通JavaEE就业大门）,977人购买,拓薪教育,¥3222.22,随到随学
//ke.qq.com/course/473923#term_id=100545479,史上最全软件项目模型集锦和详解，测试工程师不能不知道的秘密！,55人购买,,¥2.23,共7节
//ke.qq.com/course/466566#term_id=100545479,从入门到进阶，深入理解JVM底层原理,550人购买,,¥2.77,共7节
//ke.qq.com/course/334307#term_id=100545479,软件测试高薪就业速成班3-12期,546人购买,,¥53822,开设3个班级
//ke.qq.com/course/469915#term_id=100545479,Web前端VIP体验课,8人购买,,¥7.72,共1节
//ke.qq.com/course/455247#term_id=100545479,零基础学GIT版本控制（从入门到精通）【柠檬班】,342人购买,,¥2.23,共26节
//ke.qq.com/course/480864#term_id=100545479,"基于OAuth2.0保护接口安全之实战现场,Java高级,架构师_咕泡学院",52人购买,咕泡教育,¥5.22,共1节
//ke.qq.com/course/341755#term_id=100545479,软件测试管理测试经理测试总监测试高管课程第1-2期,581人购买,,¥0922.22,进度：76/76节
//ke.qq.com/course/458630#term_id=100545479,JDK8新特性～lambda表达式,562人购买,,¥5.22,共1节
//ke.qq.com/course/package/19071,Python测试开发第2期,80人购买,柠檬班,¥53622,课程2
//ke.qq.com/course/437669#term_id=100545479,iOS进阶开发与底层原理,53人购买,,¥7.62,共3节
//ke.qq.com/course/471395#term_id=100545479,软件测试职业规划及高薪offer指南,83人购买,,¥2.23,共24节
//ke.qq.com/course/package/16783,Java高薪班培训,56人购买,拓薪教育,¥4072.22,课程2
//ke.qq.com/course/379356#term_id=100545479,吴光科2019—Shell编程入门基础必备,05人最近报名,,免费,共1节
//ke.qq.com/course/425814#term_id=100545479,掌控安全/kali/黑客信息安全/网络安全/渗透/linux/编程语言/架构,40人最近报名,,免费,共1节
//ke.qq.com/course/36361#term_id=100545479,SEO实战培训教程-SEO魔鬼训练营【SEO商学院】 免费,534人最近报名,墨子学院,免费,共20节
//ke.qq.com/course/342744,"小白也能学会网站建设,七天无条件全额退款,seo必备,dedecms",811人购买,墨子学院,¥577.22,共16节
//ke.qq.com/course/336356,今日头条号自媒体|原创短视频赚钱|企鹅号百家号大鱼号新媒体运营,93人最近报名,微客教育,免费,共1节
//ke.qq.com/course/438798,iOS 最具学习潜力框架—Metal 图形处理入门,572人购买,,¥7.72,共1节
//ke.qq.com/course/package/16739,springboot + cloud,01人购买,小D课堂,¥87.12,课程2
//ke.qq.com/course/458646,JDK8新特性-stream api,593人购买,,¥5.22,共1节
//ke.qq.com/course/package/15652,iOS大神班合辑,356人购买,小码哥教育,¥77.22,课程8
//ke.qq.com/course/458641,自定义注解,47人购买,,¥5.22,共1节
//ke.qq.com/course/477745,太阁精选XCIE试听课程,1人最近报名,,免费,共4节
//ke.qq.com/course/476137,【智能社】React系列公开课,73人最近报名,【智能社】在线课堂,免费,进度：2/3节
//ke.qq.com/course/446989,spring mvc源码解析【鲁班学院】,514人最近报名,鲁班学院,免费,共3节
//ke.qq.com/course/446837,H5大前端全栈提升VIP就业班直播课（七期）,05人购买,扣丁学堂,¥4362.22,进度：9/23节
//ke.qq.com/course/448925,Synchronized关键字原理分析【鲁班学院】,538人最近报名,鲁班学院,免费,共3节
//ke.qq.com/course/330336,网络营销推广+现代新媒体营销，网络小白成功必走之路,05人最近报名,泛学苑自媒体,免费,共2节
//ke.qq.com/course/package/19436,java企业级高薪班,3人购买,拓薪教育,¥4072.22,课程3
//ke.qq.com/course/446421,【SPOTO思博网络】华为安全HCIP 真机实战系列公开课,57人最近报名,,免费,共3节
//ke.qq.com/course/335491,2019马哥python教程-Python全新列表、排序及字典,32人最近报名,马哥教育,免费,共2节
//ke.qq.com/course/447303,自动化测试进阶课|Python自动化/web自动化+app自动化/接口自动化,1人购买,扣丁学堂,¥1622.22,共90节
//ke.qq.com/course/376625,Web前端开发(HTML/CSS/javaScript/Vue/React/Node)【六星教育】,33人最近报名,杰越学院,免费,共3节
//ke.qq.com/course/303958,华为认证 云计算方向Cloud 技术解析 实战学习HCNA/HCNP/HCIE,33人最近报名,,免费,共17节
//ke.qq.com/course/465745,H5大前端全栈提升VIP就业班直播课（八期）,36人购买,扣丁学堂,¥4362.22,进度：4/23节
//ke.qq.com/course/447529,React.js从入门到进阶之路,395人最近报名,软谋教育,免费,共2节
//ke.qq.com/course/155221,2019年Java全栈权威入学宝典（Java+Web前端）,508人最近报名,柠檬学院,免费,共84节
//ke.qq.com/course/package/22072,用友U8-生产制造系列,5人购买,万晓明,¥332.22,课程5
//ke.qq.com/course/445397#term_id=100545479,微信内训课,31人最近报名,微客教育,免费,共2节
//ke.qq.com/course/173130,Linux VIP直播课试听 虚拟化 云计算 DevOps 指导微信1500190682,5454人最近报名,,免费,共7节
//ke.qq.com/course/412387,2019年-Centos7.6-Linux云计算集群架构师-基础VIP课程视频,18人最近报名,,免费,共4节
//ke.qq.com/course/package/14932,存储HCIE直通车,10人购买,誉天教育,¥58622,课程3
//ke.qq.com/course/176998,JavaEE开发工程师进阶-Java web开发｜JS/Servle/JSP/Ajax/Jquery,528人最近报名,职坐标,免费,共11节
//ke.qq.com/course/168918,SPOTO专注在线培训老牌机构，名师带你学华为HCIA/HCIP/HCIE,031人最近报名,,免费,共53节
//ke.qq.com/course/261351,2020软考--网络工程师下午历年真题解析视频培训课程（第三期）,591人购买,小任老师,¥577.22,共54节
//ke.qq.com/course/8477,Java核心框架实战开发｜Spring/SpringMVC/Mybatis【职坐标】,333人最近报名,职坐标,免费,共67节
//ke.qq.com/course/119607,ASP.NET-MVC企业网站开发【喜科堂互联教育】,544人最近报名,,免费,共31节
//ke.qq.com/course/package/20564,自动化+性能录播打包,2人购买,乐搏技术学院,¥4362.22,课程2
//ke.qq.com/course/186832,HTML5+CSS3零基础入门（2019）【柠檬学院】,822人最近报名,柠檬学院,免费,共28节
//ke.qq.com/course/121211,IOS应用开发就业课【职坐标】（面向岗位/月薪上万）,587人最近报名,职坐标,免费,共21节
//ke.qq.com/course/284170,Python人工智能全栈开发二期【千锋教育】,93人购买,扣丁学堂,¥9622.22,共94节
//ke.qq.com/course/355421,自媒体引流抖音加粉加好友微信营销网络推广网络赚钱互联网创业,80人最近报名,微客教育,免费,共10节
//ke.qq.com/course/466664,MySQL索引底层原理详解【鲁班学院】,599人最近报名,鲁班学院,免费,共3节
//ke.qq.com/course/470663,抖音运营百科：抖音限流是什么意思，抖音限流解决方法,83人最近报名,微客教育,免费,共1节
//ke.qq.com/course/376899,【VIP直播课】做抖音百万粉大号|社交电商新媒体自媒体网赚短视频,125人购买,魔贝课凡,¥3476.22,随到随学
//ke.qq.com/course/355358,网络推广|网赚抖音引流微商销售新媒体营销自媒体引流|网络营销,54人最近报名,微客教育,免费,共1节
//ke.qq.com/course/403559,java就业大公司好还是小公司好,55人最近报名,拓薪教育,免费,共1节
//ke.qq.com/course/package/20123,小程序商城毕业设计课,0人购买,黄菊华,¥677.22,课程3
//ke.qq.com/course/392905,Java零基础 javase java面向对象 编程题 作业题 java练习题,30人最近报名,拓薪教育,免费,共4节
//ke.qq.com/course/416794,Kali安全渗透+Web白帽子高级工程师+黑客攻防-初级课-学神IT,554人最近报名,,免费,共3节
//ke.qq.com/course/402389,java基础手写汉诺塔游戏（java入门、java零基础）,37人最近报名,拓薪教育,免费,共1节
//ke.qq.com/course/212215,软件测试之python自动化测试（web自动化+app自动化+接口自动化）,8489人购买,,¥1462.22,共130节
//ke.qq.com/course/425603,Linux运维架构/云计算/centos7/搭建DNS服务器实现域名解析/学神,75人最近报名,,免费,共1节
//ke.qq.com/course/438158,Kickstart自动化运维实战系列,3人最近报名,,免费,共6节
//ke.qq.com/course/417875,前端权威0基础入门 + Web百大项目案例,8万人购买,,¥777.22,共10节
//ke.qq.com/course/198306,165天逆袭web前端工程师（入门篇）Html/CSS/JS/H5/CS3/入门项目,116人最近报名,,免费,共22节
//ke.qq.com/course/222222,资深前端手把手用实战教你冲击月薪3万,485人最近报名,,免费,共19节
//ke.qq.com/course/153182,2020年考研专业课《计算机操作系统原理》精讲视频,528人购买,小任老师,¥832.22,共54节
//ke.qq.com/course/186639,学神IT python运维开发【For老师】试听课,59人最近报名,学神IT教育,免费,共3节
//ke.qq.com/course/235515,IntelliJ IDEA入门到精通全攻略【图灵学院】,880人最近报名,,免费,共6节
//ke.qq.com/course/package/17945,前端基础×Java小程序,2人购买,腾讯课堂NEXT学院,¥3666.22,课程2
//ke.qq.com/course/213132,【城市数据研习社_大咖讲堂_第九期】张鸿辉,8人最近报名,脉策数据,免费,共1节
//ke.qq.com/course/267477,.Net架构师设计模式全套视频,181人购买,,¥76.22,共25节
//ke.qq.com/course/184683,【城市数据研习社_大咖讲堂_第二期】龙瀛/BCL,9人最近报名,脉策数据,免费,共1节
//ke.qq.com/course/281601,高级架构师带你-零基础零障碍学习C语言,302人最近报名,动脑学院,免费,共20节
//ke.qq.com/course/184704,【城市数据研习社_大咖讲堂_第三期】刘啸/上海数慧,8人最近报名,脉策数据,免费,共1节
//ke.qq.com/course/package/19425,CCNA+CCNP（课程包）,8人购买,思唯网络学院,¥8662.22,课程4
//ke.qq.com/course/401944,Java架构师/微服务/分布式/高并发/性能优化/源码解析,85人最近报名,柠檬学院,免费,共25节
//ke.qq.com/course/54282,Head老师-零基础学习WEB前端-JavaScript精编-【学神IT教育】,53人最近报名,学神IT教育,免费,共7节
//ke.qq.com/course/package/21883,泛学苑八期自媒体全套,336人购买,泛学苑自媒体,¥8576.22,课程5
//ke.qq.com/course/148596,Python高级开发项目实战班！,59人最近报名,学神IT教育,免费,共4节
//ke.qq.com/course/194311,我们只培养会Python开发和人工智能的大数据分析师,47人最近报名,职坐标,免费,共37节
//ke.qq.com/course/294192,PHP高级开发—大神开发专题课程【六星教育】,5480人购买,,¥4662.22,开设2个班级
//ke.qq.com/course/8493,165天逆袭Web全栈工程师（进阶篇）JS/ES6/JQuery/BootStrap,816人最近报名,,免费,共91节
//ke.qq.com/course/150912,JavaWeb工程师之HTML+CSS基础（柠檬学院）,34人最近报名,柠檬学院,免费,共7节
//ke.qq.com/course/254726,Python语言基础,5万人购买,,¥96.22,共28节
//ke.qq.com/course/453738,BAT面试必备-全网最强Spring IOC容器源码剖析【图灵学院】,852人最近报名,,免费,共6节
//ke.qq.com/course/402385,java基础手打万年历（java入门、java零基础）,52人最近报名,拓薪教育,免费,共1节
//ke.qq.com/course/220140,六IE讲师教您三个月考过CCIE+HCIE,5957人购买,,¥50922,开设4个班级
//ke.qq.com/course/377115,吴光科—运维小白必备技能,4人最近报名,,免费,共3节
//ke.qq.com/course/424937,Linux运维架构/云计算/centos7/iptables防火墙/服务器安全/学神,13人最近报名,,免费,共1节
//ke.qq.com/course/399873,软件测试之Jmeter高级性能测试,675人购买,,¥0922.22,开设4个班级
//ke.qq.com/course/379364,吴光科2019—Linux高级运维高薪技能讲解,1人最近报名,,免费,共1节
//ke.qq.com/course/459849,C/C++数据结构算法设计,02人购买,,¥5.22,共9节
//ke.qq.com/course/465147,马哥教育Python全栈+爬虫+数据分析+AI小白入门训练营,1158人购买,马哥教育,¥076.22,共9节
//ke.qq.com/course/437277,JavaVIP体验课-Dubbo源码分析【六星教育】,522人购买,,¥5.22,共1节
//ke.qq.com/course/467672,赵越人工智能AI开发课(Python+PyCharm+PyTorch),008人最近报名,智德金智能交易学院,免费,共10节
//ke.qq.com/course/300249,【严选课程】CCIE课 CISCO思科认证网络工程师,190人购买,,¥52622,共37节
//ke.qq.com/course/470669,抖音运营百科：抖音长视频怎么发布，抖音长视频怎么拍,7人最近报名,微客教育,免费,共1节
//ke.qq.com/course/package/20035,WEB 全阶班（14期）,532人购买,渡一教育,¥54576,课程2
//ke.qq.com/course/355419,互联网创业项目微商引流吸粉网赚卖货微商营销精准吸粉微信营销,52人最近报名,微客教育,免费,共1节
//ke.qq.com/course/332538,马哥带你七天精通kubernetes(K8s),352人购买,马哥教育,¥376.22,共26节
//ke.qq.com/course/470674,抖音运营百科：抖音自动卡点视频怎么做，抖音卡点照片怎么弄,6人最近报名,微客教育,免费,共1节
//ke.qq.com/course/425795,SpringBoot打造猫眼商城,66人购买,享学课堂,¥166.22,共21节
//ke.qq.com/course/355422,宝妈兼职互联网创业微商淘宝客引流网络赚钱自媒体引流微信营销,55人最近报名,微客教育,免费,共4节
//ke.qq.com/course/448120,"全面剖析MySQL索引/锁的机制原理Java高级,java架构师进阶_咕泡",8557人购买,咕泡教育,¥966.22,进度：2/2节
//ke.qq.com/course/472326,抖音运营百科：抖音笑100分在哪里_抖音怎么笑到100分,0人最近报名,微客教育,免费,共1节
//ke.qq.com/course/452802,AutoCAD/C#零基础到项目实战公开课,76人最近报名,朝夕教育,免费,共21节
//ke.qq.com/course/472296,抖音运营百科：看抖音怎么快进 抖音怎么快进后退,4人最近报名,微客教育,免费,共1节
//ke.qq.com/course/472307,"抖音怎么拍长视频,抖音怎么传长视频教程",1人最近报名,微客教育,免费,共1节
//ke.qq.com/course/472319,抖音的抖动特效怎么弄 抖音抖动特效教程,7人最近报名,微客教育,免费,共1节
//ke.qq.com/course/427751,javase java基础 jdk配置 jdk环境变量 helloworld jdk安装 win10,34人最近报名,拓薪教育,免费,共5节
//ke.qq.com/course/package/22002,Java高级工程师培养计划 第三期 全阶班 【渡一教育】,89人购买,渡一教育,¥55776,课程2
//ke.qq.com/course/398041,【SPOTO思博网络】Linux免费公开课,85人最近报名,,免费,共9节
//ke.qq.com/course/276546,外贸SEO优化推广 Google SEO（谷歌seo） Bing必应 搜索引擎优化,5058人购买,魔贝课凡,¥8076.22,随到随学
//ke.qq.com/course/441393,HCIA课程加油,1人最近报名,,免费,共6节
//ke.qq.com/course/427525,Java内存模型JVM与volatile关键字【图灵学院】,398人最近报名,,免费,共4节
//ke.qq.com/course/198707,公开课 Juniper认证网络工程师JNCIA/JNCIS/JNCIP,0人最近报名,,免费,共3节
//ke.qq.com/course/285592,软件测试—自动化全栈高薪课程【动脑学院】,392人购买,动脑学院,¥1362.22,进度：37/37节
//ke.qq.com/course/459841,C语言零基础大神宝典,17人购买,,¥5.22,共7节
//ke.qq.com/course/89468,C#面向对象精彩强化讲解【喜科堂.NET精品课】,64人最近报名,,免费,共17节
//ke.qq.com/course/277604,Linux云计算+Python运维开发+Web渗透+持续集成+Docker+K8S,522人购买,扣丁学堂,¥4362.22,共106节
//ke.qq.com/course/281794,微信小程序零基础入门学习,5265人购买,六星教育,¥7.72,共5节
//ke.qq.com/course/package/20540,javaee企业级高薪班,84人购买,拓薪教育,¥4072.22,课程5
//ke.qq.com/course/350005,C语言零基础入门篇,5789人购买,,¥7.72,共21节
//ke.qq.com/course/461678,高级UI ——自定义ViewGroup与 UI性能优化,5200人购买,享学课堂,¥577.22,进度：3/3节
//ke.qq.com/course/415809,php-swoole多任务处理中心项目实战【六星教育】,006人购买,,¥7.72,共4节
//ke.qq.com/course/425104,CISP认证考试/信息安全/国家级认证人员/Kali安全渗透【学神IT】,13人最近报名,,免费,共4节
//ke.qq.com/course/294043,PHP-Git零基础完全解读指南【六星教育】,367人购买,,¥5.22,共5节
//ke.qq.com/course/320461,【松勤】软件测试面试流程与真题讲解,193人购买,,¥2.92,共3节
//ke.qq.com/course/282167,Git入门教程/咕泡学院【报名即赠送周边大号鼠标垫400*900】,5133人购买,咕泡教育,¥577.22,共16节
//ke.qq.com/course/430227,Python基础编程/html基础/全栈开发/web前端/【学神IT教育】,95人最近报名,学神IT教育,免费,共2节
//ke.qq.com/course/459851,C语言零基础入门篇,554人购买,,¥5.22,共7节
//ke.qq.com/course/171174,ASP.NET-MVC网站开发【实战与技能详解】,829人购买,,¥386.22,共19节
//ke.qq.com/course/334065,【自媒体免费学】自媒体/新媒体/抖音30天快速学,320人最近报名,斯雁教育,免费,共5节
//ke.qq.com/course/308498,【FUNNET】网络工程师速成班 思科/华为RS认证 HCIA/HCIP/HCIE,914人最近报名,超有趣学网络,免费,共24节
//ke.qq.com/course/458265,Java权威零基础入门-精品demo案例【渡一教育】,1458人购买,,¥777.22,共13节
//ke.qq.com/course/367589,珠峰架构前端技术公开课,156人最近报名,珠峰架构学院,免费,共5节
//ke.qq.com/course/313640,Android进阶之绘制 - 自定义View完全掌握系列一【HenCoder】,346人最近报名,扔物线学堂,免费,共10节
//ke.qq.com/course/346318#term_id=100457066,前端权威0基础入门 + Web百大项目案例,5万人购买,,¥5.22,共10节
//ke.qq.com/course/290257#term_id=100457066,【训练营】Vlog抖音电商引流|自媒体淘宝短视频|头条号百家号赚钱,855人最近报名,泛学苑自媒体,免费,共1节
//ke.qq.com/course/457935#term_id=100457066,C/C++ 零基础到大神精讲(C++17最新标准/游戏编程/项目实战),675人最近报名,易道云学院,免费,共4节
//ke.qq.com/course/package/19437,java企业级就业班,5人购买,拓薪教育,¥9177.22,课程3
//ke.qq.com/course/384333#term_id=100457066,Java架构师互联网分布式技术【源码学院】 只为培养BAT程序员而生,5513人最近报名,源码学院,免费,共41节
//ke.qq.com/course/417774#term_id=100457066,C/C++Linux服务器开发/后台架构师【零声学院】,5033人最近报名,零声学院,免费,共44节
//ke.qq.com/course/package/19322,高并发Netty+并发编程,34人购买,小D课堂,¥97.22,课程2
//ke.qq.com/course/253878#term_id=100457066,最新版C语言基础入门视频教程---千锋教育,519人最近报名,扣丁学堂,免费,共3节
//ke.qq.com/course/200824#term_id=100457066,软件测试/面试/接口/性能/自动化/数据库/入门到精通【乐搏学院】,031人最近报名,乐搏技术学院,免费,共27节
//ke.qq.com/course/210374#term_id=100457066,CCNA直播课 Cisco思科认证网络工程师,5338人购买,,¥877.22,共14节
//ke.qq.com/course/334710#term_id=100457066,【扔物线】裁员潮下，市场究竟需要怎样的Android高级工程师,332人最近报名,扔物线学堂,免费,共8节
//ke.qq.com/course/322857#term_id=100457066,区块链深度实战 |比特币/以太坊/智能合约/Go/数字加密/DAPP全栈,539人最近报名,扣丁学堂,免费,共3节
//ke.qq.com/course/379043#term_id=100457066,【NEXT学院】uni-app商业级应用实战 一次搞定小程序/安卓/iOS/H5,469人购买,腾讯课堂NEXT学院,¥077.22,共18节
//ke.qq.com/course/463062#term_id=100457066,SqlServer全知识点解析(零基础到高级语法),133人最近报名,朝夕教育,免费,共16节
//ke.qq.com/course/369005#term_id=100457066,Python从“小白”到“大神”——快速入门全栈工程师,814人最近报名,誉天教育,免费,共46节
//ke.qq.com/course/475111#term_id=100457066,Redis突击训练之入门到超神【六星教育】,894人购买,,¥577.22,进度：3/3节
//ke.qq.com/course/301973#term_id=100457066,学Web接口测试从入门到精通,36人最近报名,博为峰网校在线教育,免费,共1节
//ke.qq.com/course/463550#term_id=100457066,千万数据存储mycat分库分表实战【鲁班学院】,70人最近报名,鲁班学院,免费,共3节
//ke.qq.com/course/298961,Appium移动app自动化测试高手修炼班Vip体验班,05人最近报名,博为峰网校在线教育,免费,共1节
//ke.qq.com/course/448105,【回放从目录的第2节开始】2019产品经理大会·上海站,5020人购买,,¥17.22,共17节
//ke.qq.com/course/320523,Web前端小程序/HTML5/CSS/JS/jQuery/Vue[千锋],352人最近报名,扣丁学堂,免费,共10节
//ke.qq.com/course/337503,【邹SIR主讲】云计算实战之企业云迁移,355人最近报名,誉天教育,免费,进度：10/10节
//ke.qq.com/course/384790,【NEXT学院】Python从入门到实战·完整篇,80人购买,腾讯课堂NEXT学院,¥3777.22,共81节
//ke.qq.com/course/271076,Appium自动化测试与自动遍历测试入门,591人最近报名,霍格沃兹测试学院,免费,共2节
//ke.qq.com/course/465090,.NetCore3.0跨平台实战【从开发走向架构，实战落地跨平台开发】,818人最近报名,朝夕教育,免费,共5节
//ke.qq.com/course/466168,Python全栈开发/爬虫/人工智能/机器学习/数据分析【七期就业班】,39人购买,扣丁学堂,¥4362.22,共55节
//ke.qq.com/course/332742,资深网络专家带你2周轻松学网络！ 思科认证，CCNA/CCNP/CCIE。,390人最近报名,思唯网络学院,免费,共27节
//ke.qq.com/course/291021,Java架构师培训课程  分布式/高可用/微服务/spring【鲁班学院】,5772人最近报名,鲁班学院,免费,共48节
//ke.qq.com/course/348327,BATJ面试班【图灵学院】,5148人购买,,¥5762.22,共22节
//ke.qq.com/course/462921,C#/.Net全栈班体验课(语法解析+多实战),076人最近报名,朝夕教育,免费,共7节
//ke.qq.com/course/444655,【免费】春招秋招 Linux C/C++开发就业课程【零声学院】,385人最近报名,零声学院,免费,共5节
//ke.qq.com/course/package/17755,零基础企业级就业班,88人购买,拓薪教育,¥9177.22,课程4
//ke.qq.com/course/458793,synchronized原理分析【鲁班学院】,526人最近报名,鲁班学院,免费,共3节
//ke.qq.com/course/308535,千锋前端全栈HTML5零基础项目实战就业班,64人购买,扣丁学堂,¥1622.22,随到随学
//ke.qq.com/course/450705,Redis分布式与缓存击穿的问题【鲁班学院】,521人最近报名,鲁班学院,免费,共3节
//ke.qq.com/course/456617,C#/.Net架构师GOF23种设计模式+设计模式六大原则+UML类图 体验课,379人最近报名,朝夕教育,免费,共15节
//ke.qq.com/course/379296,Rock带你-零基础学习C语言/C++语言【奇牛学院】,944人最近报名,奇牛学院,免费,共12节
//ke.qq.com/course/package/9280,高端JAVA架构+大数据,04人购买,优效学院,¥7762.22,课程2
//ke.qq.com/course/455084,Dubbo底层源码解析【鲁班学院】,522人最近报名,鲁班学院,免费,共3节
//ke.qq.com/course/231470,如何轻松搞定Node.js  进阶全栈工程师必备高薪技能,66人最近报名,博为峰网校在线教育,免费,共8节
//ke.qq.com/course/package/22076,微信小程序商城前端+asp版网站后台和接口开发,0人购买,黄菊华,¥677.22,课程3
//ke.qq.com/course/459393,C#/.Net开发进阶【高级编程/框架进阶/设计优化】,345人最近报名,朝夕教育,免费,共27节
//ke.qq.com/course/284569,人人都懂区块链（更新中）,561人最近报名,扣丁学堂,免费,共1节
//ke.qq.com/course/302106,"linux入门到精通大数据Hadoop,机器学习Flink/Spark/Storm_咕泡",528人购买,咕泡教育,¥57.72,共5节
//ke.qq.com/course/324404,原生OpenStack部署及公有云（精华版）-邹圣林,19人最近报名,誉天教育,免费,共6节
//ke.qq.com/course/381228,C语言零基础入门到项目实战,5535人最近报名,顿开教育,免费,共56节
//ke.qq.com/course/347301,web前端零基础提高班【蝉壳学院】,350人购买,蝉壳学院,¥9596.22,共23节
//ke.qq.com/course/464284,Mybatis底层源码解析【鲁班学院】,78人最近报名,鲁班学院,免费,共3节
//ke.qq.com/course/377131,吴光科—Linux运维技巧杂谈系列,0人最近报名,,免费,共1节
//ke.qq.com/course/package/23477,软信学院java分布式微服务体系springboot+springcloud,2人购买,软信教育,¥576.22,课程9
//ke.qq.com/course/353223,企业Linux运维自动化实战,55人最近报名,,免费,共7节
//ke.qq.com/course/388364,PHP全栈工程师体验班【六星教育】,366人购买,,¥5.22,共12节
//ke.qq.com/course/390044,华为云计算HCIE华为认证网络工程师,09人购买,,¥52622,共46节
//ke.qq.com/course/448800,软件测试工作中常用的测试工具,77人购买,,¥2.23,共3节
//ke.qq.com/course/423058,Linux高级运维/云计算/centos7/docker/架构/集群/存储/调优/学神,45人最近报名,,免费,共2节
//ke.qq.com/course/package/18771,WEB 全阶班（13期）,582人购买,渡一教育,¥54576,课程2
//ke.qq.com/course/423077,Linux高级运维/云计算/centos7/zabbix/架构/集群/监控/服务/学神,18人最近报名,,免费,共1节
//ke.qq.com/course/482296,软件成熟度模型,2人购买,,¥3.22,共1节
//ke.qq.com/course/216016,javaweb阶段（阶段二）,493人购买,拓薪教育,¥5966.22,共55节
//ke.qq.com/course/448805,一节课讲解小程序测试思维,74人购买,,¥2.23,共1节
//ke.qq.com/course/package/23067,【全套课】抖音自媒体/短视频运营/剪辑教程系统学习班,32人购买,泛学苑自媒体,¥0776.22,课程4
//ke.qq.com/course/448795,测试工程师加分工具-Jenkins,535人购买,,¥2.23,共2节
//ke.qq.com/course/379361,吴光科2019——Linux系统下LAMP技术实战,4人最近报名,,免费,共1节
//ke.qq.com/course/473905,代码小白也能学会的python接口自动化测试,518人购买,,¥2.23,共5节
//ke.qq.com/course/460140,ELK打造分布式日志收集系统实战【免费学习】,581人最近报名,每特教育,免费,共6节
//ke.qq.com/course/347422,Web前端全栈进阶班【蝉壳学院】,597人购买,蝉壳学院,¥1596.22,随到随学
//ke.qq.com/course/343662,抖音Vlog带货|电商短视频运营|淘宝客引流|网络推广|种草书单赚钱,01人最近报名,泛学苑自媒体,免费,共2节
//ke.qq.com/course/300615,SSM框架从入门到实战,586人最近报名,扣丁学堂,免费,共6节
//ke.qq.com/course/441810,"Docker学习之旅,docker容器化,Java架构师进阶【咕泡学院】",087人购买,咕泡教育,¥77.22,共16节
//ke.qq.com/course/385468,Mybatis源码分析   【源码学院】     只为培养BAT程序员而生,325人最近报名,源码学院,免费,共7节
//ke.qq.com/course/336208,【扔物线/Android】HTTPS 为什么是安全的,558人最近报名,扔物线学堂,免费,共2节
//ke.qq.com/course/434334,【码同学】Java全栈自动化测试,10人购买,码同学,¥1866.22,随到随学
//ke.qq.com/course/302265,自媒体赚钱|百家号批量工作室运营|头条号新媒体短视频原创爆文,71人最近报名,泛学苑自媒体,免费,共3节
//ke.qq.com/course/404813,Springboot源码深入分析 【源码学院】 只为培养BAT程序员而生,507人最近报名,源码学院,免费,共7节
//ke.qq.com/course/438299,"思科CCNA+华为HCIA融合课程,一次学会两!",5589人购买,,¥16.22,共12节
//ke.qq.com/course/390677,【邹SIR精讲】誉天云计算Docker精华课程,03人最近报名,誉天教育,免费,进度：6/6节
//ke.qq.com/course/460130,高可用集群环境kafka环境搭建【免费学习】,539人最近报名,每特教育,免费,共8节
//ke.qq.com/course/297293,Python零基础入门精讲,5849人购买,学神IT教育,¥86.22,共14节
//ke.qq.com/course/337446,【公开课】华为大数据认证之Hadoop入门公开课,98人最近报名,誉天教育,免费,共4节
//ke.qq.com/course/404175,Jvm虚拟机原理分析 【源码学院】     只为培养BAT程序员而生,551人最近报名,源码学院,免费,共6节
//ke.qq.com/course/477541#term_id=100571941,三步带你玩转TypeScript,968人购买,,¥7.62,进度：3/3节
//ke.qq.com/course/297159#term_id=100571941,大数据工程师：Docker入门与应用实战体验课,30人最近报名,博为峰网校在线教育,免费,共1节
//ke.qq.com/course/345551#term_id=100571941,Java架构师尊享铂金专业培训课程,527人购买,拓薪教育,¥8777.22,共43节
//ke.qq.com/course/368684#term_id=100571941,精通Python爬虫技术 进行Bug统计分析【Atstudy网校】,35人最近报名,博为峰网校在线教育,免费,共3节
//ke.qq.com/course/440743#term_id=100571941,Java专家架构师VIP试听课 互联网/分布式/微服务/高并发/性能优化,510人最近报名,粉菜编程学院,免费,共35节
//ke.qq.com/course/412930#term_id=100571941,Web安全/web渗透/kali/网络安全/入侵防御/渗透测试/信息安全/,61人最近报名,安迹web渗透测试,免费,共6节
//ke.qq.com/course/package/22145,第10期新媒体课程小包,2人购买,榕意新媒体学院,¥0671.22,课程2
//ke.qq.com/course/372894#term_id=100571941,【精品推荐】16年专业培训-CCNA学习指南,3人最近报名,,免费,共4节
//ke.qq.com/course/245186#term_id=100457066,2020软考-信息系统项目管理师-基础知识(上) 新版教程,865人购买,小任老师,¥577.22,共33节
//ke.qq.com/course/454439#term_id=100457066,Tomcat架构设计与底层源码分析【鲁班学院】,64人最近报名,鲁班学院,免费,共3节
//ke.qq.com/course/243413,软件测试之Python自动化测试+Jmeter性能精品试听课,5万人购买,,¥66.22,共20节
//ke.qq.com/course/428633,软件测试职业规划/简历编写/真题讲解,510人购买,,¥2.23,共9节
//ke.qq.com/course/396918,Spring Cloud微服务架构实战【图灵学院】,334人最近报名,,免费,共5节
//ke.qq.com/course/329046,P2【商业级MMORPG大型网游】Unity全栈开发,508人购买,极视教育,¥1666.22,共14节
//ke.qq.com/course/276313,零基础学Java开发_咕泡,31人最近报名,咕泡教育,免费,共12节
//ke.qq.com/course/92963,零基础Java大数据教程入门篇-【职坐标】,506人最近报名,职坐标,免费,共214节
//ke.qq.com/course/package/20972,云开发入门和uniapp,0人购买,全栈开发者阿耿,¥576.22,课程2
//ke.qq.com/course/190376,Python/人工智能/零基础就业课,309人最近报名,,免费,共1节
//ke.qq.com/course/101461,30天掌握人工智能开发实用技能 零基础入行物联网,301人最近报名,职坐标,免费,共76节
//ke.qq.com/course/package/22029,Linux内核课程助力包,3人购买,零声学院,¥1446.22,课程2
//ke.qq.com/course/424385,Linux运维架构/云计算/centos7/无人值守安装系统/PXE/学神,02人最近报名,,免费,共1节
//ke.qq.com/course/477560#term_id=100580482,私域流量实战训练营，4周让转化率和收入翻倍,584人购买,,¥107.22,2020-3-8开讲
//ke.qq.com/course/425619#term_id=100580482,Linux运维架构/云计算/centos7/redis主从架构/高可用/学神,15人最近报名,,免费,共1节
//ke.qq.com/course/144677#term_id=100580482,Java/javaee核心技术实战【软谋教育】,6人最近报名,,免费,共7节
//ke.qq.com/course/441518#term_id=100580482,高性能线程池工作原理【图灵学院】,386人最近报名,,免费,共3节
//ke.qq.com/course/package/16453,CCIE直通车课程包,42人购买,思唯网络学院,¥51622,课程5
//ke.qq.com/course/431351#term_id=100580482,城市空间系列研究直播课,38人最近报名,脉策数据,免费,共3节
//ke.qq.com/course/123216#term_id=100580482,PHP开发入门基础/web前端/MySQL/模板引擎/框架,051人最近报名,职坐标,免费,共101节
//ke.qq.com/course/153645#term_id=100580482,2020软考--软件设计师-基础知识实战培训视频,331人购买,小任老师,¥877.22,共67节
//ke.qq.com/course/424371#term_id=100580482,Linux运维架构/云计算/centos7/网络管理/TCP/IP/OSI七层/学神,09人最近报名,,免费,共1节
//ke.qq.com/course/186954#term_id=100580482,【城市数据研习社_大咖讲堂_第五期】刘淼,0人最近报名,脉策数据,免费,共1节
//ke.qq.com/course/package/19791,Java全阶班第二期,64人购买,渡一教育,¥55776,课程2
//ke.qq.com/course/109341#term_id=100580482,CCNA-CCNP-CCIE直通车-网络工程师-思科华为双厂商专家认证,53人最近报名,学神IT教育,免费,共9节
//ke.qq.com/course/285575#term_id=100580482,“60天”SEM竞价网络推广主管VIP实战训练营 【实力提升转化】,3457人购买,魔贝课凡,¥3677.22,开设6个班级
//ke.qq.com/course/416708#term_id=100580482,Kali安全渗透+Web白帽子高级工程师+黑客攻防-中级课-学神IT,67人最近报名,,免费,共2节
//ke.qq.com/course/268507#term_id=100580482,CCNA最新版精化全套课程,99人最近报名,新盟教育,免费,共17节
