course_name,course_number,course_organization,course_price,course_status
【博为峰】软件测试国际权威认证ISTQB2018版考纲培训VIP体验,拼团,博为峰网校在线教育,2.23,共4节
【毕老师·消防全攻略】2020消防工程师入门课,737人购买,毕老师·消防全攻略,5.22,共5节
Rhino 7犀牛 / KeyShot 9 产品设计建模渲染进阶班【卓尔谟教育】,109人购买,卓尔谟教育,8322.22,随到随学
json-Python自动化测试-项目实战-/测试开发/接口/性能【学神IT】,31人购买,学神IT教育,1462.22,进度：1/25节
工业产品设计手绘基础马克笔表现实战班【卓尔谟教育】,320人购买,卓尔谟教育,8322.22,随到随学
20省考冲刺+申论精讲,2人购买,抵岸教育,5622.22,课程4
VIP 2020淘宝实操爆款课程 一年制【优梯教育】,5273人购买,优梯教育,8162.22,开设2个班级
postman接口测试实战从入门到精通软件精品课【柠檬班】,166人购买,柠檬班,2.23,共10节
20年上半年省考申论精讲课,571人购买,抵岸教育,762.22,随到随学
【北京峰源】2019注册结构基础+专业考试精选课程,5919人购买,峰源教育,5.22,共47节
java自动化测试入门,3506人购买,柠檬班,2.23,共9节
山本教育素云VIP第10期恋爱技巧-脱单特训班,4204人购买,山本教育,3376.22,共7节
Python全栈软件自动化测试VIP课程【柠檬班】,308人购买,柠檬班,2.23,共28节
2019年GRE刷题营,7人购买,真佑教育,5477.22,课程2
Spring Cloud微服务实战,929人购买,享学课堂,66.22,共25节
AE+C4D影视后期特效视频 广告动画栏目包装设计师 平面电商美工班,拼团,木客教育,2.23,共34节
高薪就业+云架构师课,50人购买,学神IT教育,6122.22,课程2
2019室内设计全案班,870人购买,若水学院,8662.22,课程2
色彩美学班VIP课程包,805人购买,欧艾教育,876.22,课程2
超级学习法天才精英班三四年级,084人购买,广东世之峰教育网络科技有限公司,762.22,开设2个班级
自考线代+概率论组合（2020年4月）,5人购买,刘老师“慢”数学课堂,186.22,课程3
ProE /Creo工业产品设计结构辅助设计入门到精通课,55人购买,卓尔谟教育,8122.22,共32节
全面详解并实操SoapUI接口测试实战课程【柠檬班】,564人购买,柠檬班,2.23,共13节
高薪就业+云架构师课,52人购买,学神 IT 教育,6122.22,课程2
【NEXT学院】人人都会微信小程序,限时,腾讯课堂NEXT学院,0.72,共6节
《高级女装制版全套深造技术》第一期直播回放视频【艺服教育】,088人购买,艺服教育,9179.22,随到随学
java全栈自动化第7-17期（web自动化＋接口自动化+app自动化）,469人购买,柠檬班,1822.22,开设9个班级
Linux云计算架构班【包含集群+Jenkins+K8S+OpenStack+Python】,71人购买,新盟教育,7362.22,2020-4-1开讲
20年省考-行测精讲课,374人购买,抵岸教育,762.22,随到随学
计算机二级C语言精品课程[含公共基础][送指导],53人购买,陈浩老师网络课堂,552.22,课程2
2020年二级建造师二建施工管理超值大礼包,44人购买,教授伴学,11.22,课程3
Amazon亚马逊跨境电商VIP-把产品卖到全球,3705人购买,魔贝课凡,976.22,开设4个班级
【松勤】软件测试0基础到项目实战系统学习全栈班,5267人购买,松勤软件测试,4162.22,共149节
2020上半年自考英语二直通车VIP课程(00015)【直播+录播】晨夕,364人购买,晨夕学院,182.22,共51节
VIP 2020淘宝运营爆款课程 【优梯教育】,4448人购买,优梯教育,9762.22,进度：5/5节
商业插画-基础班,3人购买,应图马教育,3262.22,课程2
软件测试从小白到高手全程班【柠檬班】第67期,813人购买,柠檬班,4162.22,随到随学
2022新高一基础提高班【数学超人】+【微信】supermath987,9717人购买,宋超,2.77,共10节
高级男装结构与版型技术工程课程【艺服在线教学】,69人购买,艺服教育,776.22,随到随学
领先见识•2019高考语文一轮复习（预备课）,328人购买,杨洋,577.22,共6节
【淘宝系统化运营】90天成长计划,5人购买,亚空学堂,3166.22,共11节
20年省考行测申论联报课程,2人购买,抵岸教育,5712.22,课程4
初级职称通关班第9期,530人购买,菜子学院,5762.22,课程7
《高级女装制版全套深造技术》第二期VIP一班级直播回放视频,509人购买,艺服教育,5876.22,共72节
2020年浙江省公务员考试—笔试系统班,326人购买,思政教育,762.22,进度：22/36节
整体形象设计师（线下+线上）,470人购买,完颜形象教育,5062.22,共31节
【NEXT学位 x IMWeb】Web前端从小白到大师进阶课程,539人购买,腾讯课堂NEXT学院,9877.22,共117节
淘宝VIP爆款运营实操系列课程【优梯教育】,3万人购买,优梯教育,762.22,进度：5/5节
2020成人学位英语VIP课程 晨夕-自考、网教、成教,809人购买,晨夕学院,162.22,共28节
2020给排水专业全程班,06人购买,张工教育,8062.22,课程4
UG塑胶模具设计中级班,5人购买,学呀教育.,3776.22,课程2
商业人像精修高级班  免费重修（领取买1赠2福利请咨询客服下单）,053人购买,蜂鸟摄影微课堂,8976.22,随到随学
英语语法+配套训练,850人购买,e学苑在线教育,177.22,课程2
原画人场景设计9期【东彪】,390人购买,原画人在线学院,9772.22,2020-3-20开讲
2020年初级会计师职称【实务经济法2科全套】精讲班+讲义题库答疑,3316人购买,瑞云学堂,16.22,共130节
solidworks非标机械自动化设计免费精品课,拼团,云艺帆教育,5.22,共12节
2020年3月全国计算机二级Office通关vip教程,4821人购买,蒋老师过级,47.72,共72节
【摄影】畅学会员中艺,0516人购买,中艺影像,5762.22,课程28
井方格实用硬笔行书速成法,32人购买,硬笔书法培训,864.22,共11节
学神Linux高薪运维云计算全程班/全程直播/终身学习/一对一辅导,888人购买,学神IT教育,1742.22,进度：32/62节
原画人日韩角色设计1期【吸烟】,37人购买,原画人在线学院,672.22,进度：2/6节
2020完全解析+题库,342人购买,唐志,376.22,课程2
武百分2020执业/助理医师资格考试泌尿系统考点精讲,5103人购买,武百分教育,17.22,共11节
小雨注暖一元体验班及公开课,348人购买,蔺鹏飞,2.52,共30节
从基础到风光人文进阶,4人购买,好摄帮课堂,3162.22,课程2
2020高三数学寒春班,2人购买,上课铃教育,5177.22,课程3
【VIP-2年】付款链接 淘宝店铺电商运营 新手入门【齐论教育】,453人购买,齐论教育,4576.22,随到随学
旭文日语-零基础~N2-全课程随意学特惠套餐,9人购买,常泽教育,3316.22,课程17
淘宝运营技巧实操讲解 直通车拉升自然访客轻松打造爆款【齐论】,53万人购买,齐论教育,77.22,共51节
国和【路基工程精讲一】教材编委郑智能主讲,596人购买,国和网校,5.22,进度：1/1节
线稿课程17期【墨非凡画坊】,509人购买,邓梦菲,3222.22,共13节
无货源电商VIP课程,9人购买,大娃火焱社,8762.22,进度：14/14节
数码摄影课程合辑-中艺网校,8654人购买,中艺影像,3762.22,共85节
室内设计VIP初高级班(2019年底冲刺班1),66人购买,仁厚教育,312.22,课程8
【VIP-2年】付款链接 打造爆款全系拼多多 运营实操课程【齐论】,513人购买,齐论拼多多学院,9976.22,随到随学
中级财管通关保障B班,544人购买,菜子学院,5362.22,课程5
Java高级架构师进阶课程【六星教育】,83人购买,六星教育,4662.22,开设2个班级
武百分2020执业/助理医师资格考试血液系统考点精讲,5927人购买,武百分教育,17.22,共8节
Jmeter高级性能测试项目实战(赠送Loadrunner视频）,75人购买,松勤软件测试,8762.22,随到随学
Linux入门到服务器架构师,5人购买,零声学院,6312.22,课程2
【摄影】摄影基础实战/郭卫/录播/中艺,拼团,中艺影像,57.62,共20节
X-T1摄影入门到精通,8人购买,FUN视觉  雷波,876.22,课程22
实务+财管通关B班,8人购买,菜子学院,3362.22,课程14
CAD2020软件运用，全套施工图讲解,5881人购买,云学贝教育,9.22,共6节
python自动化+Py全栈+爬虫+Ai=python全能工程师-挑战年薪30万,5281人购买,马哥教育,4362.22,随到随学
Grasshopper 工具组件用法系统课程（合集）,5834人购买,Rhino3D（犀牛）原厂中国/Shaper3d,62.22,共63节
圆锥超级大招：独家心法口诀—高中数学新高考数学高三一轮,388人购买,数学怪,7.72,共1节
Excel Power Query 第2季视频教程 可视化及M函数入门【朱仕平】,998人购买,朱仕平,516.22,共114节
春哥4节超值人体结构干货入门课,5761人购买,飞鱼绘,7.72,共4节
6D2摄影从入门到精通,58人购买,FUN视觉  雷波,876.22,课程22
武百分2020执业/助理医师资格考试运动系统考点精讲,5400人购买,武百分教育,17.22,共11节
国和【路基工程精讲二】路床设计 教材编委郑智能主讲,506人购买,国和网校,5.22,进度：1/1节
【阶段一】前端全栈工程师精英班,64人购买,京程一灯,4662.22,随到随学
国和【桥梁工程精讲之小桥涵】道勘大咖孙家驷老师主讲,541人购买,国和网校,5.22,进度：1/1节
次世代游戏提升班【云普集教育】,102人购买,云普集游戏动漫学院,1362.22,进度：5/5节
【坤哥物理】2020高三二轮三轮系统班 高考直播模拟考,791人购买,蜜蜂优课,3977.22,课程10
【摄影】如何拍人像/田德友/录播/中艺,8667人购买,中艺影像,586.22,共13节
【恩维客教育】VIP室内设计CAD施工图深化高级班,151人购买,恩维客教育,5462.22,开设6个班级
中级实务通关保障B班,594人购买,菜子学院,5362.22,课程5
面向对象C#零基础入门精讲（1）C#开发入门,60人购买,徐照兴,52.22,共7节
马哥Linux高端运维云计算就业班-教学总监老王主讲,5592人购买,马哥教育,9162.22,共41节
精英续航系列-精讲班：经济法基础【续航A班】,476人购买,菜子学院,876.22,进度：10/30节
幕墙结构设计训练营,013人购买,江苏轩锐教育,7.72,进度：5/5节
高一答疑解惑班数理化,2人购买,大鹏家课堂,553.22,课程3
ASP.NET就业实例教程（1）ASP.NET基础入门搭建网站开发环境,597人购买,徐照兴,52.22,共8节
产品精修+海报合成实战班/为课教育,95人购买,为课教育,5177.22,随到随学
武百分2020乡村全科执业助理医师考点精讲班,71人购买,武百分教育,476.22,共38节
5D3摄影入门到精通,2人购买,FUN视觉  雷波,876.22,课程22
立体裁剪+平面制版 /平立一体互通打版进修课程（艺服教育）,862人购买,艺服教育,9776.22,随到随学
【北京峰源】土建造价实战班,5932人购买,峰源教育,3377.22,随到随学
【思睿电商】 2020年终冲刺班,014人购买,思睿电商学院,8162.22,进度：17/25节
【VIP-2年】付款链接 快速打造店铺爆款，营销最新玩法【齐论】,501人购买,齐论京东学院,4976.22,随到随学
原画人零基础入门15期【苗苗】,036人购买,原画人在线学院,272.22,随到随学
2020给排水专业真题精粹飞跃班,3269人购买,张工教育,3162.22,2020-7-6开讲
【火焱社拼多多】拼多多实战运营实战课程零基础打造爆款VIP升级,9人购买,火焱社拼多多商学院,8922.22,进度：12/12节
【智能社】ES6精讲—ECMAscript6精通系列（基础篇）,5500人购买,【智能社】在线课堂,2.52,共6节
2020省考旗舰班,07人购买,晴教育,3762.22,课程15
高二数学同步精讲,7人购买,北京跨学网教育科技有限公司,547.22,课程3
武百分2020执业/助理医师资格考试心血管系统考点精讲,5714人购买,武百分教育,47.22,共12节
Java分布式电影预告小程序后台实战项目【鲁班学院】,11人购买,鲁班学院,5362.22,共21节
2020年初级会计师2科目协议通关【VIP全程私教辅导每日计划任务】,5358人购买,瑞云学堂,877.22,共72节
中级经济法通关保障B,587人购买,菜子学院,5362.22,课程5
二级机电备考合集,2人购买,筑城网校,5376.22,课程10
摄影后期进阶实战班,5236人购买,光影学院,8362.22,随到随学
python全栈自动化测试工程师第12-27期【柠檬班VIP】,5799人购买,柠檬班,1462.22,随到随学
亚马逊金宝贝孵化班,2人购买,百聚汇商学院,57622.0,课程2
原画人3D辅助美宣2期【李睿】,512人购买,原画人在线学院,1762.22,进度：9/13节
二级结构备考合集,2人购买,筑城网校,5376.22,课程9
武百分2020执业/助理医师资格考试儿科疾病考点精讲,3234人购买,武百分教育,77.22,共16节
高级女装制版全套深造技术--VIP二班级【艺服在线教学】,719人购买,艺服教育,3777.22,随到随学
智源教育SVIP专享-电商美工实战特训【飞速跨越孵化班】,1601人购买,智源教育学院,3162.22,共14节
【VIP】商业插画系统课程【板绘】,5796人购买,合尚教育,8362.22,进度：4/30节
JAVA实战班体验课【软谋教育】,89人购买,软谋教育,5.22,进度：1/1节
大暑教育2020全新VIP实战课程,5万人购买,大暑电商学院,8162.22,共6节
原画人插画基础8期【时若可止、二戈】,038人购买,原画人在线学院,3772.22,随到随学
二级建筑备考合集,2人购买,筑城网校,5376.22,课程10
消防安全技术实务精讲,1506人购买,不惑教育,677.22,进度：11/59节
UG产品+模具全科班,5人购买,学呀教育.,6666.22,课程5
HTML5前端+全栈从基础到就业班,35人购买,黄埔课堂,5776.22,课程43
性能优化特训营,5335人购买,六星教育,772.22,进度：3/5节
从基础到人像后期进阶,0人购买,好摄帮课堂,3162.22,课程2
【外研社版】三上+三下,37人购买,Jenny英语课堂,79.22,课程2
武百分2020执业/助理医师资格考试女性生殖系统考点精讲,3282人购买,武百分教育,77.22,共23节
原画人伪厚涂插画11期【醒爷】,02人购买,原画人在线学院,9172.22,进度：8/12节
course_name,course_number,course_organization,course_price,course_status
【博为峰】软件测试国际权威认证ISTQB2018版考纲培训VIP体验,拼团,博为峰网校在线教育,2.23,共4节
【毕老师·消防全攻略】2020消防工程师入门课,737人购买,毕老师·消防全攻略,5.22,共5节
Rhino 7犀牛 / KeyShot 9 产品设计建模渲染进阶班【卓尔谟教育】,109人购买,卓尔谟教育,8322.22,随到随学
json-Python自动化测试-项目实战-/测试开发/接口/性能【学神IT】,31人购买,学神IT教育,1462.22,进度：1/25节
工业产品设计手绘基础马克笔表现实战班【卓尔谟教育】,320人购买,卓尔谟教育,8322.22,随到随学
20省考冲刺+申论精讲,2人购买,抵岸教育,5622.22,课程4
VIP 2020淘宝实操爆款课程 一年制【优梯教育】,5273人购买,优梯教育,8162.22,开设2个班级
postman接口测试实战从入门到精通软件精品课【柠檬班】,166人购买,柠檬班,2.23,共10节
20年上半年省考申论精讲课,571人购买,抵岸教育,762.22,随到随学
【北京峰源】2019注册结构基础+专业考试精选课程,5919人购买,峰源教育,5.22,共47节
java自动化测试入门,3506人购买,柠檬班,2.23,共9节
山本教育素云VIP第10期恋爱技巧-脱单特训班,4204人购买,山本教育,3376.22,共7节
Python全栈软件自动化测试VIP课程【柠檬班】,308人购买,柠檬班,2.23,共28节
2019年GRE刷题营,7人购买,真佑教育,5477.22,课程2
Spring Cloud微服务实战,929人购买,享学课堂,66.22,共25节
AE+C4D影视后期特效视频 广告动画栏目包装设计师 平面电商美工班,拼团,木客教育,2.23,共34节
高薪就业+云架构师课,50人购买,学神IT教育,6122.22,课程2
2019室内设计全案班,870人购买,若水学院,8662.22,课程2
色彩美学班VIP课程包,805人购买,欧艾教育,876.22,课程2
超级学习法天才精英班三四年级,084人购买,广东世之峰教育网络科技有限公司,762.22,开设2个班级
自考线代+概率论组合（2020年4月）,5人购买,刘老师“慢”数学课堂,186.22,课程3
ProE /Creo工业产品设计结构辅助设计入门到精通课,55人购买,卓尔谟教育,8122.22,共32节
全面详解并实操SoapUI接口测试实战课程【柠檬班】,564人购买,柠檬班,2.23,共13节
高薪就业+云架构师课,52人购买,学神 IT 教育,6122.22,课程2
【NEXT学院】人人都会微信小程序,限时,腾讯课堂NEXT学院,0.72,共6节
《高级女装制版全套深造技术》第一期直播回放视频【艺服教育】,088人购买,艺服教育,9179.22,随到随学
java全栈自动化第7-17期（web自动化＋接口自动化+app自动化）,469人购买,柠檬班,1822.22,开设9个班级
Linux云计算架构班【包含集群+Jenkins+K8S+OpenStack+Python】,71人购买,新盟教育,7362.22,2020-4-1开讲
20年省考-行测精讲课,374人购买,抵岸教育,762.22,随到随学
计算机二级C语言精品课程[含公共基础][送指导],53人购买,陈浩老师网络课堂,552.22,课程2
2020年二级建造师二建施工管理超值大礼包,44人购买,教授伴学,11.22,课程3
Amazon亚马逊跨境电商VIP-把产品卖到全球,3705人购买,魔贝课凡,976.22,开设4个班级
【松勤】软件测试0基础到项目实战系统学习全栈班,5267人购买,松勤软件测试,4162.22,共149节
2020上半年自考英语二直通车VIP课程(00015)【直播+录播】晨夕,364人购买,晨夕学院,182.22,共51节
VIP 2020淘宝运营爆款课程 【优梯教育】,4448人购买,优梯教育,9762.22,进度：5/5节
商业插画-基础班,3人购买,应图马教育,3262.22,课程2
软件测试从小白到高手全程班【柠檬班】第67期,813人购买,柠檬班,4162.22,随到随学
2022新高一基础提高班【数学超人】+【微信】supermath987,9717人购买,宋超,2.77,共10节
高级男装结构与版型技术工程课程【艺服在线教学】,69人购买,艺服教育,776.22,随到随学
领先见识•2019高考语文一轮复习（预备课）,328人购买,杨洋,577.22,共6节
【淘宝系统化运营】90天成长计划,5人购买,亚空学堂,3166.22,共11节
20年省考行测申论联报课程,2人购买,抵岸教育,5712.22,课程4
初级职称通关班第9期,530人购买,菜子学院,5762.22,课程7
《高级女装制版全套深造技术》第二期VIP一班级直播回放视频,509人购买,艺服教育,5876.22,共72节
2020年浙江省公务员考试—笔试系统班,326人购买,思政教育,762.22,进度：22/36节
整体形象设计师（线下+线上）,470人购买,完颜形象教育,5062.22,共31节
【NEXT学位 x IMWeb】Web前端从小白到大师进阶课程,539人购买,腾讯课堂NEXT学院,9877.22,共117节
淘宝VIP爆款运营实操系列课程【优梯教育】,3万人购买,优梯教育,762.22,进度：5/5节
2020成人学位英语VIP课程 晨夕-自考、网教、成教,809人购买,晨夕学院,162.22,共28节
2020给排水专业全程班,06人购买,张工教育,8062.22,课程4
UG塑胶模具设计中级班,5人购买,学呀教育.,3776.22,课程2
商业人像精修高级班  免费重修（领取买1赠2福利请咨询客服下单）,053人购买,蜂鸟摄影微课堂,8976.22,随到随学
英语语法+配套训练,850人购买,e学苑在线教育,177.22,课程2
原画人场景设计9期【东彪】,390人购买,原画人在线学院,9772.22,2020-3-20开讲
2020年初级会计师职称【实务经济法2科全套】精讲班+讲义题库答疑,3316人购买,瑞云学堂,16.22,共130节
solidworks非标机械自动化设计免费精品课,拼团,云艺帆教育,5.22,共12节
2020年3月全国计算机二级Office通关vip教程,4821人购买,蒋老师过级,47.72,共72节
【摄影】畅学会员中艺,0516人购买,中艺影像,5762.22,课程28
井方格实用硬笔行书速成法,32人购买,硬笔书法培训,864.22,共11节
学神Linux高薪运维云计算全程班/全程直播/终身学习/一对一辅导,888人购买,学神IT教育,1742.22,进度：32/62节
原画人日韩角色设计1期【吸烟】,37人购买,原画人在线学院,672.22,进度：2/6节
2020完全解析+题库,342人购买,唐志,376.22,课程2
武百分2020执业/助理医师资格考试泌尿系统考点精讲,5103人购买,武百分教育,17.22,共11节
小雨注暖一元体验班及公开课,348人购买,蔺鹏飞,2.52,共30节
从基础到风光人文进阶,4人购买,好摄帮课堂,3162.22,课程2
2020高三数学寒春班,2人购买,上课铃教育,5177.22,课程3
【VIP-2年】付款链接 淘宝店铺电商运营 新手入门【齐论教育】,453人购买,齐论教育,4576.22,随到随学
旭文日语-零基础~N2-全课程随意学特惠套餐,9人购买,常泽教育,3316.22,课程17
淘宝运营技巧实操讲解 直通车拉升自然访客轻松打造爆款【齐论】,53万人购买,齐论教育,77.22,共51节
国和【路基工程精讲一】教材编委郑智能主讲,596人购买,国和网校,5.22,进度：1/1节
线稿课程17期【墨非凡画坊】,509人购买,邓梦菲,3222.22,共13节
无货源电商VIP课程,9人购买,大娃火焱社,8762.22,进度：14/14节
数码摄影课程合辑-中艺网校,8654人购买,中艺影像,3762.22,共85节
室内设计VIP初高级班(2019年底冲刺班1),66人购买,仁厚教育,312.22,课程8
【VIP-2年】付款链接 打造爆款全系拼多多 运营实操课程【齐论】,513人购买,齐论拼多多学院,9976.22,随到随学
中级财管通关保障B班,544人购买,菜子学院,5362.22,课程5
Java高级架构师进阶课程【六星教育】,83人购买,六星教育,4662.22,开设2个班级
武百分2020执业/助理医师资格考试血液系统考点精讲,5927人购买,武百分教育,17.22,共8节
Jmeter高级性能测试项目实战(赠送Loadrunner视频）,75人购买,松勤软件测试,8762.22,随到随学
Linux入门到服务器架构师,5人购买,零声学院,6312.22,课程2
【摄影】摄影基础实战/郭卫/录播/中艺,拼团,中艺影像,57.62,共20节
X-T1摄影入门到精通,8人购买,FUN视觉  雷波,876.22,课程22
实务+财管通关B班,8人购买,菜子学院,3362.22,课程14
CAD2020软件运用，全套施工图讲解,5881人购买,云学贝教育,9.22,共6节
python自动化+Py全栈+爬虫+Ai=python全能工程师-挑战年薪30万,5281人购买,马哥教育,4362.22,随到随学
Grasshopper 工具组件用法系统课程（合集）,5834人购买,Rhino3D（犀牛）原厂中国/Shaper3d,62.22,共63节
圆锥超级大招：独家心法口诀—高中数学新高考数学高三一轮,388人购买,数学怪,7.72,共1节
Excel Power Query 第2季视频教程 可视化及M函数入门【朱仕平】,998人购买,朱仕平,516.22,共114节
春哥4节超值人体结构干货入门课,5761人购买,飞鱼绘,7.72,共4节
6D2摄影从入门到精通,58人购买,FUN视觉  雷波,876.22,课程22
武百分2020执业/助理医师资格考试运动系统考点精讲,5400人购买,武百分教育,17.22,共11节
国和【路基工程精讲二】路床设计 教材编委郑智能主讲,506人购买,国和网校,5.22,进度：1/1节
【阶段一】前端全栈工程师精英班,64人购买,京程一灯,4662.22,随到随学
国和【桥梁工程精讲之小桥涵】道勘大咖孙家驷老师主讲,541人购买,国和网校,5.22,进度：1/1节
次世代游戏提升班【云普集教育】,102人购买,云普集游戏动漫学院,1362.22,进度：5/5节
【坤哥物理】2020高三二轮三轮系统班 高考直播模拟考,791人购买,蜜蜂优课,3977.22,课程10
【摄影】如何拍人像/田德友/录播/中艺,8667人购买,中艺影像,586.22,共13节
【恩维客教育】VIP室内设计CAD施工图深化高级班,151人购买,恩维客教育,5462.22,开设6个班级
中级实务通关保障B班,594人购买,菜子学院,5362.22,课程5
面向对象C#零基础入门精讲（1）C#开发入门,60人购买,徐照兴,52.22,共7节
马哥Linux高端运维云计算就业班-教学总监老王主讲,5592人购买,马哥教育,9162.22,共41节
精英续航系列-精讲班：经济法基础【续航A班】,476人购买,菜子学院,876.22,进度：10/30节
幕墙结构设计训练营,013人购买,江苏轩锐教育,7.72,进度：5/5节
高一答疑解惑班数理化,2人购买,大鹏家课堂,553.22,课程3
ASP.NET就业实例教程（1）ASP.NET基础入门搭建网站开发环境,597人购买,徐照兴,52.22,共8节
产品精修+海报合成实战班/为课教育,95人购买,为课教育,5177.22,随到随学
武百分2020乡村全科执业助理医师考点精讲班,71人购买,武百分教育,476.22,共38节
5D3摄影入门到精通,2人购买,FUN视觉  雷波,876.22,课程22
立体裁剪+平面制版 /平立一体互通打版进修课程（艺服教育）,862人购买,艺服教育,9776.22,随到随学
【北京峰源】土建造价实战班,5932人购买,峰源教育,3377.22,随到随学
【思睿电商】 2020年终冲刺班,014人购买,思睿电商学院,8162.22,进度：17/25节
【VIP-2年】付款链接 快速打造店铺爆款，营销最新玩法【齐论】,501人购买,齐论京东学院,4976.22,随到随学
原画人零基础入门15期【苗苗】,036人购买,原画人在线学院,272.22,随到随学
2020给排水专业真题精粹飞跃班,3269人购买,张工教育,3162.22,2020-7-6开讲
【火焱社拼多多】拼多多实战运营实战课程零基础打造爆款VIP升级,9人购买,火焱社拼多多商学院,8922.22,进度：12/12节
【智能社】ES6精讲—ECMAscript6精通系列（基础篇）,5500人购买,【智能社】在线课堂,2.52,共6节
2020省考旗舰班,07人购买,晴教育,3762.22,课程15
高二数学同步精讲,7人购买,北京跨学网教育科技有限公司,547.22,课程3
武百分2020执业/助理医师资格考试心血管系统考点精讲,5714人购买,武百分教育,47.22,共12节
Java分布式电影预告小程序后台实战项目【鲁班学院】,11人购买,鲁班学院,5362.22,共21节
2020年初级会计师2科目协议通关【VIP全程私教辅导每日计划任务】,5358人购买,瑞云学堂,877.22,共72节
中级经济法通关保障B,587人购买,菜子学院,5362.22,课程5
二级机电备考合集,2人购买,筑城网校,5376.22,课程10
摄影后期进阶实战班,5236人购买,光影学院,8362.22,随到随学
python全栈自动化测试工程师第12-27期【柠檬班VIP】,5799人购买,柠檬班,1462.22,随到随学
亚马逊金宝贝孵化班,2人购买,百聚汇商学院,57622.0,课程2
原画人3D辅助美宣2期【李睿】,512人购买,原画人在线学院,1762.22,进度：9/13节
二级结构备考合集,2人购买,筑城网校,5376.22,课程9
武百分2020执业/助理医师资格考试儿科疾病考点精讲,3234人购买,武百分教育,77.22,共16节
高级女装制版全套深造技术--VIP二班级【艺服在线教学】,719人购买,艺服教育,3777.22,随到随学
智源教育SVIP专享-电商美工实战特训【飞速跨越孵化班】,1601人购买,智源教育学院,3162.22,共14节
【VIP】商业插画系统课程【板绘】,5796人购买,合尚教育,8362.22,进度：4/30节
JAVA实战班体验课【软谋教育】,89人购买,软谋教育,5.22,进度：1/1节
大暑教育2020全新VIP实战课程,5万人购买,大暑电商学院,8162.22,共6节
原画人插画基础8期【时若可止、二戈】,038人购买,原画人在线学院,3772.22,随到随学
二级建筑备考合集,2人购买,筑城网校,5376.22,课程10
消防安全技术实务精讲,1506人购买,不惑教育,677.22,进度：11/59节
UG产品+模具全科班,5人购买,学呀教育.,6666.22,课程5
HTML5前端+全栈从基础到就业班,35人购买,黄埔课堂,5776.22,课程43
性能优化特训营,5335人购买,六星教育,772.22,进度：3/5节
从基础到人像后期进阶,0人购买,好摄帮课堂,3162.22,课程2
【外研社版】三上+三下,37人购买,Jenny英语课堂,79.22,课程2
武百分2020执业/助理医师资格考试女性生殖系统考点精讲,3282人购买,武百分教育,77.22,共23节
原画人伪厚涂插画11期【醒爷】,02人购买,原画人在线学院,9172.22,进度：8/12节
course_name,course_number,course_organization,course_price,course_status
【博为峰】软件测试国际权威认证ISTQB2018版考纲培训VIP体验,拼团,博为峰网校在线教育,2.23,共4节
【毕老师·消防全攻略】2020消防工程师入门课,737人购买,毕老师·消防全攻略,5.22,共5节
Rhino 7犀牛 / KeyShot 9 产品设计建模渲染进阶班【卓尔谟教育】,109人购买,卓尔谟教育,8322.22,随到随学
json-Python自动化测试-项目实战-/测试开发/接口/性能【学神IT】,31人购买,学神IT教育,1462.22,进度：1/25节
工业产品设计手绘基础马克笔表现实战班【卓尔谟教育】,320人购买,卓尔谟教育,8322.22,随到随学
20省考冲刺+申论精讲,2人购买,抵岸教育,5622.22,课程4
VIP 2020淘宝实操爆款课程 一年制【优梯教育】,5273人购买,优梯教育,8162.22,开设2个班级
postman接口测试实战从入门到精通软件精品课【柠檬班】,166人购买,柠檬班,2.23,共10节
20年上半年省考申论精讲课,571人购买,抵岸教育,762.22,随到随学
【北京峰源】2019注册结构基础+专业考试精选课程,5919人购买,峰源教育,5.22,共47节
java自动化测试入门,3506人购买,柠檬班,2.23,共9节
山本教育素云VIP第10期恋爱技巧-脱单特训班,4204人购买,山本教育,3376.22,共7节
Python全栈软件自动化测试VIP课程【柠檬班】,308人购买,柠檬班,2.23,共28节
2019年GRE刷题营,7人购买,真佑教育,5477.22,课程2
Spring Cloud微服务实战,929人购买,享学课堂,66.22,共25节
AE+C4D影视后期特效视频 广告动画栏目包装设计师 平面电商美工班,拼团,木客教育,2.23,共34节
高薪就业+云架构师课,50人购买,学神IT教育,6122.22,课程2
2019室内设计全案班,870人购买,若水学院,8662.22,课程2
色彩美学班VIP课程包,805人购买,欧艾教育,876.22,课程2
超级学习法天才精英班三四年级,084人购买,广东世之峰教育网络科技有限公司,762.22,开设2个班级
自考线代+概率论组合（2020年4月）,5人购买,刘老师“慢”数学课堂,186.22,课程3
ProE /Creo工业产品设计结构辅助设计入门到精通课,55人购买,卓尔谟教育,8122.22,共32节
全面详解并实操SoapUI接口测试实战课程【柠檬班】,564人购买,柠檬班,2.23,共13节
高薪就业+云架构师课,52人购买,学神 IT 教育,6122.22,课程2
【NEXT学院】人人都会微信小程序,限时,腾讯课堂NEXT学院,0.72,共6节
《高级女装制版全套深造技术》第一期直播回放视频【艺服教育】,088人购买,艺服教育,9179.22,随到随学
java全栈自动化第7-17期（web自动化＋接口自动化+app自动化）,469人购买,柠檬班,1822.22,开设9个班级
Linux云计算架构班【包含集群+Jenkins+K8S+OpenStack+Python】,71人购买,新盟教育,7362.22,2020-4-1开讲
20年省考-行测精讲课,374人购买,抵岸教育,762.22,随到随学
计算机二级C语言精品课程[含公共基础][送指导],53人购买,陈浩老师网络课堂,552.22,课程2
2020年二级建造师二建施工管理超值大礼包,44人购买,教授伴学,11.22,课程3
Amazon亚马逊跨境电商VIP-把产品卖到全球,3705人购买,魔贝课凡,976.22,开设4个班级
【松勤】软件测试0基础到项目实战系统学习全栈班,5267人购买,松勤软件测试,4162.22,共149节
2020上半年自考英语二直通车VIP课程(00015)【直播+录播】晨夕,364人购买,晨夕学院,182.22,共51节
VIP 2020淘宝运营爆款课程 【优梯教育】,4448人购买,优梯教育,9762.22,进度：5/5节
商业插画-基础班,3人购买,应图马教育,3262.22,课程2
软件测试从小白到高手全程班【柠檬班】第67期,813人购买,柠檬班,4162.22,随到随学
2022新高一基础提高班【数学超人】+【微信】supermath987,9717人购买,宋超,2.77,共10节
高级男装结构与版型技术工程课程【艺服在线教学】,69人购买,艺服教育,776.22,随到随学
领先见识•2019高考语文一轮复习（预备课）,328人购买,杨洋,577.22,共6节
【淘宝系统化运营】90天成长计划,5人购买,亚空学堂,3166.22,共11节
20年省考行测申论联报课程,2人购买,抵岸教育,5712.22,课程4
初级职称通关班第9期,530人购买,菜子学院,5762.22,课程7
《高级女装制版全套深造技术》第二期VIP一班级直播回放视频,509人购买,艺服教育,5876.22,共72节
2020年浙江省公务员考试—笔试系统班,326人购买,思政教育,762.22,进度：22/36节
整体形象设计师（线下+线上）,470人购买,完颜形象教育,5062.22,共31节
【NEXT学位 x IMWeb】Web前端从小白到大师进阶课程,539人购买,腾讯课堂NEXT学院,9877.22,共117节
淘宝VIP爆款运营实操系列课程【优梯教育】,3万人购买,优梯教育,762.22,进度：5/5节
2020成人学位英语VIP课程 晨夕-自考、网教、成教,809人购买,晨夕学院,162.22,共28节
2020给排水专业全程班,06人购买,张工教育,8062.22,课程4
UG塑胶模具设计中级班,5人购买,学呀教育.,3776.22,课程2
商业人像精修高级班  免费重修（领取买1赠2福利请咨询客服下单）,053人购买,蜂鸟摄影微课堂,8976.22,随到随学
英语语法+配套训练,850人购买,e学苑在线教育,177.22,课程2
原画人场景设计9期【东彪】,390人购买,原画人在线学院,9772.22,2020-3-20开讲
2020年初级会计师职称【实务经济法2科全套】精讲班+讲义题库答疑,3316人购买,瑞云学堂,16.22,共130节
solidworks非标机械自动化设计免费精品课,拼团,云艺帆教育,5.22,共12节
2020年3月全国计算机二级Office通关vip教程,4821人购买,蒋老师过级,47.72,共72节
【摄影】畅学会员中艺,0516人购买,中艺影像,5762.22,课程28
井方格实用硬笔行书速成法,32人购买,硬笔书法培训,864.22,共11节
学神Linux高薪运维云计算全程班/全程直播/终身学习/一对一辅导,888人购买,学神IT教育,1742.22,进度：32/62节
原画人日韩角色设计1期【吸烟】,37人购买,原画人在线学院,672.22,进度：2/6节
2020完全解析+题库,342人购买,唐志,376.22,课程2
武百分2020执业/助理医师资格考试泌尿系统考点精讲,5103人购买,武百分教育,17.22,共11节
小雨注暖一元体验班及公开课,348人购买,蔺鹏飞,2.52,共30节
从基础到风光人文进阶,4人购买,好摄帮课堂,3162.22,课程2
2020高三数学寒春班,2人购买,上课铃教育,5177.22,课程3
【VIP-2年】付款链接 淘宝店铺电商运营 新手入门【齐论教育】,453人购买,齐论教育,4576.22,随到随学
旭文日语-零基础~N2-全课程随意学特惠套餐,9人购买,常泽教育,3316.22,课程17
淘宝运营技巧实操讲解 直通车拉升自然访客轻松打造爆款【齐论】,53万人购买,齐论教育,77.22,共51节
国和【路基工程精讲一】教材编委郑智能主讲,596人购买,国和网校,5.22,进度：1/1节
线稿课程17期【墨非凡画坊】,509人购买,邓梦菲,3222.22,共13节
无货源电商VIP课程,9人购买,大娃火焱社,8762.22,进度：14/14节
数码摄影课程合辑-中艺网校,8654人购买,中艺影像,3762.22,共85节
室内设计VIP初高级班(2019年底冲刺班1),66人购买,仁厚教育,312.22,课程8
【VIP-2年】付款链接 打造爆款全系拼多多 运营实操课程【齐论】,513人购买,齐论拼多多学院,9976.22,随到随学
中级财管通关保障B班,544人购买,菜子学院,5362.22,课程5
Java高级架构师进阶课程【六星教育】,83人购买,六星教育,4662.22,开设2个班级
武百分2020执业/助理医师资格考试血液系统考点精讲,5927人购买,武百分教育,17.22,共8节
Jmeter高级性能测试项目实战(赠送Loadrunner视频）,75人购买,松勤软件测试,8762.22,随到随学
Linux入门到服务器架构师,5人购买,零声学院,6312.22,课程2
【摄影】摄影基础实战/郭卫/录播/中艺,拼团,中艺影像,57.62,共20节
X-T1摄影入门到精通,8人购买,FUN视觉  雷波,876.22,课程22
实务+财管通关B班,8人购买,菜子学院,3362.22,课程14
CAD2020软件运用，全套施工图讲解,5881人购买,云学贝教育,9.22,共6节
python自动化+Py全栈+爬虫+Ai=python全能工程师-挑战年薪30万,5281人购买,马哥教育,4362.22,随到随学
Grasshopper 工具组件用法系统课程（合集）,5834人购买,Rhino3D（犀牛）原厂中国/Shaper3d,62.22,共63节
圆锥超级大招：独家心法口诀—高中数学新高考数学高三一轮,388人购买,数学怪,7.72,共1节
Excel Power Query 第2季视频教程 可视化及M函数入门【朱仕平】,998人购买,朱仕平,516.22,共114节
春哥4节超值人体结构干货入门课,5761人购买,飞鱼绘,7.72,共4节
6D2摄影从入门到精通,58人购买,FUN视觉  雷波,876.22,课程22
武百分2020执业/助理医师资格考试运动系统考点精讲,5400人购买,武百分教育,17.22,共11节
国和【路基工程精讲二】路床设计 教材编委郑智能主讲,506人购买,国和网校,5.22,进度：1/1节
【阶段一】前端全栈工程师精英班,64人购买,京程一灯,4662.22,随到随学
国和【桥梁工程精讲之小桥涵】道勘大咖孙家驷老师主讲,541人购买,国和网校,5.22,进度：1/1节
次世代游戏提升班【云普集教育】,102人购买,云普集游戏动漫学院,1362.22,进度：5/5节
【坤哥物理】2020高三二轮三轮系统班 高考直播模拟考,791人购买,蜜蜂优课,3977.22,课程10
【摄影】如何拍人像/田德友/录播/中艺,8667人购买,中艺影像,586.22,共13节
【恩维客教育】VIP室内设计CAD施工图深化高级班,151人购买,恩维客教育,5462.22,开设6个班级
中级实务通关保障B班,594人购买,菜子学院,5362.22,课程5
面向对象C#零基础入门精讲（1）C#开发入门,60人购买,徐照兴,52.22,共7节
马哥Linux高端运维云计算就业班-教学总监老王主讲,5592人购买,马哥教育,9162.22,共41节
精英续航系列-精讲班：经济法基础【续航A班】,476人购买,菜子学院,876.22,进度：10/30节
幕墙结构设计训练营,013人购买,江苏轩锐教育,7.72,进度：5/5节
高一答疑解惑班数理化,2人购买,大鹏家课堂,553.22,课程3
ASP.NET就业实例教程（1）ASP.NET基础入门搭建网站开发环境,597人购买,徐照兴,52.22,共8节
产品精修+海报合成实战班/为课教育,95人购买,为课教育,5177.22,随到随学
武百分2020乡村全科执业助理医师考点精讲班,71人购买,武百分教育,476.22,共38节
5D3摄影入门到精通,2人购买,FUN视觉  雷波,876.22,课程22
立体裁剪+平面制版 /平立一体互通打版进修课程（艺服教育）,862人购买,艺服教育,9776.22,随到随学
【北京峰源】土建造价实战班,5932人购买,峰源教育,3377.22,随到随学
【思睿电商】 2020年终冲刺班,014人购买,思睿电商学院,8162.22,进度：17/25节
【VIP-2年】付款链接 快速打造店铺爆款，营销最新玩法【齐论】,501人购买,齐论京东学院,4976.22,随到随学
原画人零基础入门15期【苗苗】,036人购买,原画人在线学院,272.22,随到随学
2020给排水专业真题精粹飞跃班,3269人购买,张工教育,3162.22,2020-7-6开讲
【火焱社拼多多】拼多多实战运营实战课程零基础打造爆款VIP升级,9人购买,火焱社拼多多商学院,8922.22,进度：12/12节
【智能社】ES6精讲—ECMAscript6精通系列（基础篇）,5500人购买,【智能社】在线课堂,2.52,共6节
2020省考旗舰班,07人购买,晴教育,3762.22,课程15
高二数学同步精讲,7人购买,北京跨学网教育科技有限公司,547.22,课程3
武百分2020执业/助理医师资格考试心血管系统考点精讲,5714人购买,武百分教育,47.22,共12节
Java分布式电影预告小程序后台实战项目【鲁班学院】,11人购买,鲁班学院,5362.22,共21节
2020年初级会计师2科目协议通关【VIP全程私教辅导每日计划任务】,5358人购买,瑞云学堂,877.22,共72节
中级经济法通关保障B,587人购买,菜子学院,5362.22,课程5
二级机电备考合集,2人购买,筑城网校,5376.22,课程10
摄影后期进阶实战班,5236人购买,光影学院,8362.22,随到随学
python全栈自动化测试工程师第12-27期【柠檬班VIP】,5799人购买,柠檬班,1462.22,随到随学
亚马逊金宝贝孵化班,2人购买,百聚汇商学院,57622.0,课程2
原画人3D辅助美宣2期【李睿】,512人购买,原画人在线学院,1762.22,进度：9/13节
二级结构备考合集,2人购买,筑城网校,5376.22,课程9
武百分2020执业/助理医师资格考试儿科疾病考点精讲,3234人购买,武百分教育,77.22,共16节
高级女装制版全套深造技术--VIP二班级【艺服在线教学】,719人购买,艺服教育,3777.22,随到随学
智源教育SVIP专享-电商美工实战特训【飞速跨越孵化班】,1601人购买,智源教育学院,3162.22,共14节
【VIP】商业插画系统课程【板绘】,5796人购买,合尚教育,8362.22,进度：4/30节
JAVA实战班体验课【软谋教育】,89人购买,软谋教育,5.22,进度：1/1节
大暑教育2020全新VIP实战课程,5万人购买,大暑电商学院,8162.22,共6节
原画人插画基础8期【时若可止、二戈】,038人购买,原画人在线学院,3772.22,随到随学
二级建筑备考合集,2人购买,筑城网校,5376.22,课程10
消防安全技术实务精讲,1506人购买,不惑教育,677.22,进度：11/59节
UG产品+模具全科班,5人购买,学呀教育.,6666.22,课程5
HTML5前端+全栈从基础到就业班,35人购买,黄埔课堂,5776.22,课程43
性能优化特训营,5335人购买,六星教育,772.22,进度：3/5节
从基础到人像后期进阶,0人购买,好摄帮课堂,3162.22,课程2
【外研社版】三上+三下,37人购买,Jenny英语课堂,79.22,课程2
武百分2020执业/助理医师资格考试女性生殖系统考点精讲,3282人购买,武百分教育,77.22,共23节
原画人伪厚涂插画11期【醒爷】,02人购买,原画人在线学院,9172.22,进度：8/12节
course_name,course_number,course_organization,course_price,course_status
【博为峰】软件测试国际权威认证ISTQB2018版考纲培训VIP体验,拼团,博为峰网校在线教育,2.23,共4节
【毕老师·消防全攻略】2020消防工程师入门课,737人购买,毕老师·消防全攻略,5.22,共5节
Rhino 7犀牛 / KeyShot 9 产品设计建模渲染进阶班【卓尔谟教育】,109人购买,卓尔谟教育,8322.22,随到随学
json-Python自动化测试-项目实战-/测试开发/接口/性能【学神IT】,31人购买,学神IT教育,1462.22,进度：1/25节
工业产品设计手绘基础马克笔表现实战班【卓尔谟教育】,320人购买,卓尔谟教育,8322.22,随到随学
20省考冲刺+申论精讲,2人购买,抵岸教育,5622.22,课程4
VIP 2020淘宝实操爆款课程 一年制【优梯教育】,5273人购买,优梯教育,8162.22,开设2个班级
postman接口测试实战从入门到精通软件精品课【柠檬班】,166人购买,柠檬班,2.23,共10节
20年上半年省考申论精讲课,571人购买,抵岸教育,762.22,随到随学
【北京峰源】2019注册结构基础+专业考试精选课程,5919人购买,峰源教育,5.22,共47节
java自动化测试入门,3506人购买,柠檬班,2.23,共9节
山本教育素云VIP第10期恋爱技巧-脱单特训班,4204人购买,山本教育,3376.22,共7节
Python全栈软件自动化测试VIP课程【柠檬班】,308人购买,柠檬班,2.23,共28节
2019年GRE刷题营,7人购买,真佑教育,5477.22,课程2
Spring Cloud微服务实战,929人购买,享学课堂,66.22,共25节
AE+C4D影视后期特效视频 广告动画栏目包装设计师 平面电商美工班,拼团,木客教育,2.23,共34节
高薪就业+云架构师课,50人购买,学神IT教育,6122.22,课程2
2019室内设计全案班,870人购买,若水学院,8662.22,课程2
色彩美学班VIP课程包,805人购买,欧艾教育,876.22,课程2
超级学习法天才精英班三四年级,084人购买,广东世之峰教育网络科技有限公司,762.22,开设2个班级
自考线代+概率论组合（2020年4月）,5人购买,刘老师“慢”数学课堂,186.22,课程3
ProE /Creo工业产品设计结构辅助设计入门到精通课,55人购买,卓尔谟教育,8122.22,共32节
全面详解并实操SoapUI接口测试实战课程【柠檬班】,564人购买,柠檬班,2.23,共13节
高薪就业+云架构师课,52人购买,学神 IT 教育,6122.22,课程2
【NEXT学院】人人都会微信小程序,限时,腾讯课堂NEXT学院,0.72,共6节
《高级女装制版全套深造技术》第一期直播回放视频【艺服教育】,088人购买,艺服教育,9179.22,随到随学
java全栈自动化第7-17期（web自动化＋接口自动化+app自动化）,469人购买,柠檬班,1822.22,开设9个班级
Linux云计算架构班【包含集群+Jenkins+K8S+OpenStack+Python】,71人购买,新盟教育,7362.22,2020-4-1开讲
20年省考-行测精讲课,374人购买,抵岸教育,762.22,随到随学
计算机二级C语言精品课程[含公共基础][送指导],53人购买,陈浩老师网络课堂,552.22,课程2
2020年二级建造师二建施工管理超值大礼包,44人购买,教授伴学,11.22,课程3
Amazon亚马逊跨境电商VIP-把产品卖到全球,3705人购买,魔贝课凡,976.22,开设4个班级
【松勤】软件测试0基础到项目实战系统学习全栈班,5267人购买,松勤软件测试,4162.22,共149节
2020上半年自考英语二直通车VIP课程(00015)【直播+录播】晨夕,364人购买,晨夕学院,182.22,共51节
VIP 2020淘宝运营爆款课程 【优梯教育】,4448人购买,优梯教育,9762.22,进度：5/5节
商业插画-基础班,3人购买,应图马教育,3262.22,课程2
软件测试从小白到高手全程班【柠檬班】第67期,813人购买,柠檬班,4162.22,随到随学
2022新高一基础提高班【数学超人】+【微信】supermath987,9717人购买,宋超,2.77,共10节
高级男装结构与版型技术工程课程【艺服在线教学】,69人购买,艺服教育,776.22,随到随学
领先见识•2019高考语文一轮复习（预备课）,328人购买,杨洋,577.22,共6节
【淘宝系统化运营】90天成长计划,5人购买,亚空学堂,3166.22,共11节
20年省考行测申论联报课程,2人购买,抵岸教育,5712.22,课程4
初级职称通关班第9期,530人购买,菜子学院,5762.22,课程7
《高级女装制版全套深造技术》第二期VIP一班级直播回放视频,509人购买,艺服教育,5876.22,共72节
2020年浙江省公务员考试—笔试系统班,326人购买,思政教育,762.22,进度：22/36节
整体形象设计师（线下+线上）,470人购买,完颜形象教育,5062.22,共31节
【NEXT学位 x IMWeb】Web前端从小白到大师进阶课程,539人购买,腾讯课堂NEXT学院,9877.22,共117节
淘宝VIP爆款运营实操系列课程【优梯教育】,3万人购买,优梯教育,762.22,进度：5/5节
2020成人学位英语VIP课程 晨夕-自考、网教、成教,809人购买,晨夕学院,162.22,共28节
2020给排水专业全程班,06人购买,张工教育,8062.22,课程4
UG塑胶模具设计中级班,5人购买,学呀教育.,3776.22,课程2
商业人像精修高级班  免费重修（领取买1赠2福利请咨询客服下单）,053人购买,蜂鸟摄影微课堂,8976.22,随到随学
英语语法+配套训练,850人购买,e学苑在线教育,177.22,课程2
原画人场景设计9期【东彪】,390人购买,原画人在线学院,9772.22,2020-3-20开讲
2020年初级会计师职称【实务经济法2科全套】精讲班+讲义题库答疑,3316人购买,瑞云学堂,16.22,共130节
solidworks非标机械自动化设计免费精品课,拼团,云艺帆教育,5.22,共12节
2020年3月全国计算机二级Office通关vip教程,4821人购买,蒋老师过级,47.72,共72节
【摄影】畅学会员中艺,0516人购买,中艺影像,5762.22,课程28
井方格实用硬笔行书速成法,32人购买,硬笔书法培训,864.22,共11节
学神Linux高薪运维云计算全程班/全程直播/终身学习/一对一辅导,888人购买,学神IT教育,1742.22,进度：32/62节
原画人日韩角色设计1期【吸烟】,37人购买,原画人在线学院,672.22,进度：2/6节
2020完全解析+题库,342人购买,唐志,376.22,课程2
武百分2020执业/助理医师资格考试泌尿系统考点精讲,5103人购买,武百分教育,17.22,共11节
小雨注暖一元体验班及公开课,348人购买,蔺鹏飞,2.52,共30节
从基础到风光人文进阶,4人购买,好摄帮课堂,3162.22,课程2
2020高三数学寒春班,2人购买,上课铃教育,5177.22,课程3
【VIP-2年】付款链接 淘宝店铺电商运营 新手入门【齐论教育】,453人购买,齐论教育,4576.22,随到随学
旭文日语-零基础~N2-全课程随意学特惠套餐,9人购买,常泽教育,3316.22,课程17
淘宝运营技巧实操讲解 直通车拉升自然访客轻松打造爆款【齐论】,53万人购买,齐论教育,77.22,共51节
国和【路基工程精讲一】教材编委郑智能主讲,596人购买,国和网校,5.22,进度：1/1节
线稿课程17期【墨非凡画坊】,509人购买,邓梦菲,3222.22,共13节
无货源电商VIP课程,9人购买,大娃火焱社,8762.22,进度：14/14节
数码摄影课程合辑-中艺网校,8654人购买,中艺影像,3762.22,共85节
室内设计VIP初高级班(2019年底冲刺班1),66人购买,仁厚教育,312.22,课程8
【VIP-2年】付款链接 打造爆款全系拼多多 运营实操课程【齐论】,513人购买,齐论拼多多学院,9976.22,随到随学
中级财管通关保障B班,544人购买,菜子学院,5362.22,课程5
Java高级架构师进阶课程【六星教育】,83人购买,六星教育,4662.22,开设2个班级
武百分2020执业/助理医师资格考试血液系统考点精讲,5927人购买,武百分教育,17.22,共8节
Jmeter高级性能测试项目实战(赠送Loadrunner视频）,75人购买,松勤软件测试,8762.22,随到随学
Linux入门到服务器架构师,5人购买,零声学院,6312.22,课程2
【摄影】摄影基础实战/郭卫/录播/中艺,拼团,中艺影像,57.62,共20节
X-T1摄影入门到精通,8人购买,FUN视觉  雷波,876.22,课程22
实务+财管通关B班,8人购买,菜子学院,3362.22,课程14
CAD2020软件运用，全套施工图讲解,5881人购买,云学贝教育,9.22,共6节
python自动化+Py全栈+爬虫+Ai=python全能工程师-挑战年薪30万,5281人购买,马哥教育,4362.22,随到随学
Grasshopper 工具组件用法系统课程（合集）,5834人购买,Rhino3D（犀牛）原厂中国/Shaper3d,62.22,共63节
圆锥超级大招：独家心法口诀—高中数学新高考数学高三一轮,388人购买,数学怪,7.72,共1节
Excel Power Query 第2季视频教程 可视化及M函数入门【朱仕平】,998人购买,朱仕平,516.22,共114节
春哥4节超值人体结构干货入门课,5761人购买,飞鱼绘,7.72,共4节
6D2摄影从入门到精通,58人购买,FUN视觉  雷波,876.22,课程22
武百分2020执业/助理医师资格考试运动系统考点精讲,5400人购买,武百分教育,17.22,共11节
国和【路基工程精讲二】路床设计 教材编委郑智能主讲,506人购买,国和网校,5.22,进度：1/1节
【阶段一】前端全栈工程师精英班,64人购买,京程一灯,4662.22,随到随学
国和【桥梁工程精讲之小桥涵】道勘大咖孙家驷老师主讲,541人购买,国和网校,5.22,进度：1/1节
次世代游戏提升班【云普集教育】,102人购买,云普集游戏动漫学院,1362.22,进度：5/5节
【坤哥物理】2020高三二轮三轮系统班 高考直播模拟考,791人购买,蜜蜂优课,3977.22,课程10
【摄影】如何拍人像/田德友/录播/中艺,8667人购买,中艺影像,586.22,共13节
【恩维客教育】VIP室内设计CAD施工图深化高级班,151人购买,恩维客教育,5462.22,开设6个班级
中级实务通关保障B班,594人购买,菜子学院,5362.22,课程5
面向对象C#零基础入门精讲（1）C#开发入门,60人购买,徐照兴,52.22,共7节
马哥Linux高端运维云计算就业班-教学总监老王主讲,5592人购买,马哥教育,9162.22,共41节
精英续航系列-精讲班：经济法基础【续航A班】,476人购买,菜子学院,876.22,进度：10/30节
幕墙结构设计训练营,013人购买,江苏轩锐教育,7.72,进度：5/5节
高一答疑解惑班数理化,2人购买,大鹏家课堂,553.22,课程3
ASP.NET就业实例教程（1）ASP.NET基础入门搭建网站开发环境,597人购买,徐照兴,52.22,共8节
产品精修+海报合成实战班/为课教育,95人购买,为课教育,5177.22,随到随学
武百分2020乡村全科执业助理医师考点精讲班,71人购买,武百分教育,476.22,共38节
5D3摄影入门到精通,2人购买,FUN视觉  雷波,876.22,课程22
立体裁剪+平面制版 /平立一体互通打版进修课程（艺服教育）,862人购买,艺服教育,9776.22,随到随学
【北京峰源】土建造价实战班,5932人购买,峰源教育,3377.22,随到随学
【思睿电商】 2020年终冲刺班,014人购买,思睿电商学院,8162.22,进度：17/25节
【VIP-2年】付款链接 快速打造店铺爆款，营销最新玩法【齐论】,501人购买,齐论京东学院,4976.22,随到随学
原画人零基础入门15期【苗苗】,036人购买,原画人在线学院,272.22,随到随学
2020给排水专业真题精粹飞跃班,3269人购买,张工教育,3162.22,2020-7-6开讲
【火焱社拼多多】拼多多实战运营实战课程零基础打造爆款VIP升级,9人购买,火焱社拼多多商学院,8922.22,进度：12/12节
【智能社】ES6精讲—ECMAscript6精通系列（基础篇）,5500人购买,【智能社】在线课堂,2.52,共6节
2020省考旗舰班,07人购买,晴教育,3762.22,课程15
高二数学同步精讲,7人购买,北京跨学网教育科技有限公司,547.22,课程3
武百分2020执业/助理医师资格考试心血管系统考点精讲,5714人购买,武百分教育,47.22,共12节
Java分布式电影预告小程序后台实战项目【鲁班学院】,11人购买,鲁班学院,5362.22,共21节
2020年初级会计师2科目协议通关【VIP全程私教辅导每日计划任务】,5358人购买,瑞云学堂,877.22,共72节
中级经济法通关保障B,587人购买,菜子学院,5362.22,课程5
二级机电备考合集,2人购买,筑城网校,5376.22,课程10
摄影后期进阶实战班,5236人购买,光影学院,8362.22,随到随学
python全栈自动化测试工程师第12-27期【柠檬班VIP】,5799人购买,柠檬班,1462.22,随到随学
亚马逊金宝贝孵化班,2人购买,百聚汇商学院,57622.0,课程2
原画人3D辅助美宣2期【李睿】,512人购买,原画人在线学院,1762.22,进度：9/13节
二级结构备考合集,2人购买,筑城网校,5376.22,课程9
武百分2020执业/助理医师资格考试儿科疾病考点精讲,3234人购买,武百分教育,77.22,共16节
高级女装制版全套深造技术--VIP二班级【艺服在线教学】,719人购买,艺服教育,3777.22,随到随学
智源教育SVIP专享-电商美工实战特训【飞速跨越孵化班】,1601人购买,智源教育学院,3162.22,共14节
【VIP】商业插画系统课程【板绘】,5796人购买,合尚教育,8362.22,进度：4/30节
JAVA实战班体验课【软谋教育】,89人购买,软谋教育,5.22,进度：1/1节
大暑教育2020全新VIP实战课程,5万人购买,大暑电商学院,8162.22,共6节
原画人插画基础8期【时若可止、二戈】,038人购买,原画人在线学院,3772.22,随到随学
二级建筑备考合集,2人购买,筑城网校,5376.22,课程10
消防安全技术实务精讲,1506人购买,不惑教育,677.22,进度：11/59节
UG产品+模具全科班,5人购买,学呀教育.,6666.22,课程5
HTML5前端+全栈从基础到就业班,35人购买,黄埔课堂,5776.22,课程43
性能优化特训营,5335人购买,六星教育,772.22,进度：3/5节
从基础到人像后期进阶,0人购买,好摄帮课堂,3162.22,课程2
【外研社版】三上+三下,37人购买,Jenny英语课堂,79.22,课程2
武百分2020执业/助理医师资格考试女性生殖系统考点精讲,3282人购买,武百分教育,77.22,共23节
原画人伪厚涂插画11期【醒爷】,02人购买,原画人在线学院,9172.22,进度：8/12节
course_name,course_number,course_organization,course_price,course_status
【博为峰】软件测试国际权威认证ISTQB2018版考纲培训VIP体验,拼团,博为峰网校在线教育,¥2.23,共4节
【毕老师·消防全攻略】2020消防工程师入门课,737人购买,毕老师·消防全攻略,¥5.22,共5节
Rhino 7犀牛 / KeyShot 9 产品设计建模渲染进阶班【卓尔谟教育】,109人购买,卓尔谟教育,¥8322.22,随到随学
json-Python自动化测试-项目实战-/测试开发/接口/性能【学神IT】,31人购买,学神IT教育,¥1462.22,进度：1/25节
工业产品设计手绘基础马克笔表现实战班【卓尔谟教育】,320人购买,卓尔谟教育,¥8322.22,随到随学
20省考冲刺+申论精讲,2人购买,抵岸教育,¥5622.22,课程4
VIP 2020淘宝实操爆款课程 一年制【优梯教育】,5273人购买,优梯教育,¥8162.22,开设2个班级
postman接口测试实战从入门到精通软件精品课【柠檬班】,166人购买,柠檬班,¥2.23,共10节
20年上半年省考申论精讲课,571人购买,抵岸教育,¥762.22,随到随学
【北京峰源】2019注册结构基础+专业考试精选课程,5919人购买,峰源教育,¥5.22,共47节
java自动化测试入门,3506人购买,柠檬班,¥2.23,共9节
山本教育素云VIP第10期恋爱技巧-脱单特训班,4204人购买,山本教育,¥3376.22,共7节
Python全栈软件自动化测试VIP课程【柠檬班】,308人购买,柠檬班,¥2.23,共28节
2019年GRE刷题营,7人购买,真佑教育,¥5477.22,课程2
Spring Cloud微服务实战,929人购买,享学课堂,¥066.22,共25节
AE+C4D影视后期特效视频 广告动画栏目包装设计师 平面电商美工班,拼团,木客教育,¥2.23,共34节
高薪就业+云架构师课,50人购买,学神IT教育,¥6122.22,课程2
2019室内设计全案班,870人购买,若水学院,¥8662.22,课程2
色彩美学班VIP课程包,805人购买,欧艾教育,¥876.22,课程2
超级学习法天才精英班三四年级,084人购买,广东世之峰教育网络科技有限公司,¥0762.22,开设2个班级
自考线代+概率论组合（2020年4月）,5人购买,刘老师“慢”数学课堂,¥186.22,课程3
ProE /Creo工业产品设计结构辅助设计入门到精通课,55人购买,卓尔谟教育,¥8122.22,共32节
全面详解并实操SoapUI接口测试实战课程【柠檬班】,564人购买,柠檬班,¥2.23,共13节
高薪就业+云架构师课,52人购买,学神 IT 教育,¥6122.22,课程2
【NEXT学院】人人都会微信小程序,限时,腾讯课堂NEXT学院,¥0.72,共6节
《高级女装制版全套深造技术》第一期直播回放视频【艺服教育】,088人购买,艺服教育,¥9179.22,随到随学
java全栈自动化第7-17期（web自动化＋接口自动化+app自动化）,469人购买,柠檬班,¥1822.22,开设9个班级
Linux云计算架构班【包含集群+Jenkins+K8S+OpenStack+Python】,71人购买,新盟教育,¥7362.22,2020-4-1开讲
20年省考-行测精讲课,374人购买,抵岸教育,¥762.22,随到随学
计算机二级C语言精品课程[含公共基础][送指导],53人购买,陈浩老师网络课堂,¥552.22,课程2
2020年二级建造师二建施工管理超值大礼包,44人购买,教授伴学,¥11.22,课程3
Amazon亚马逊跨境电商VIP-把产品卖到全球,3705人购买,魔贝课凡,¥0976.22,开设4个班级
【松勤】软件测试0基础到项目实战系统学习全栈班,5267人购买,松勤软件测试,¥4162.22,共149节
2020上半年自考英语二直通车VIP课程(00015)【直播+录播】晨夕,364人购买,晨夕学院,¥182.22,共51节
VIP 2020淘宝运营爆款课程 【优梯教育】,4448人购买,优梯教育,¥9762.22,进度：5/5节
商业插画-基础班,3人购买,应图马教育,¥3262.22,课程2
软件测试从小白到高手全程班【柠檬班】第67期,813人购买,柠檬班,¥4162.22,随到随学
2022新高一基础提高班【数学超人】+【微信】supermath987,9717人购买,宋超,¥2.77,共10节
高级男装结构与版型技术工程课程【艺服在线教学】,69人购买,艺服教育,¥0776.22,随到随学
领先见识•2019高考语文一轮复习（预备课）,328人购买,杨洋,¥577.22,共6节
【淘宝系统化运营】90天成长计划,5人购买,亚空学堂,¥3166.22,共11节
20年省考行测申论联报课程,2人购买,抵岸教育,¥5712.22,课程4
初级职称通关班第9期,530人购买,菜子学院,¥5762.22,课程7
《高级女装制版全套深造技术》第二期VIP一班级直播回放视频,509人购买,艺服教育,¥5876.22,共72节
2020年浙江省公务员考试—笔试系统班,326人购买,思政教育,¥762.22,进度：22/36节
整体形象设计师（线下+线上）,470人购买,完颜形象教育,¥5062.22,共31节
【NEXT学位 x IMWeb】Web前端从小白到大师进阶课程,539人购买,腾讯课堂NEXT学院,¥9877.22,共117节
淘宝VIP爆款运营实操系列课程【优梯教育】,3万人购买,优梯教育,¥0762.22,进度：5/5节
2020成人学位英语VIP课程 晨夕-自考、网教、成教,809人购买,晨夕学院,¥162.22,共28节
2020给排水专业全程班,06人购买,张工教育,¥8062.22,课程4
UG塑胶模具设计中级班,5人购买,学呀教育.,¥3776.22,课程2
商业人像精修高级班  免费重修（领取买1赠2福利请咨询客服下单）,053人购买,蜂鸟摄影微课堂,¥8976.22,随到随学
英语语法+配套训练,850人购买,e学苑在线教育,¥177.22,课程2
原画人场景设计9期【东彪】,390人购买,原画人在线学院,¥9772.22,2020-3-20开讲
2020年初级会计师职称【实务经济法2科全套】精讲班+讲义题库答疑,3316人购买,瑞云学堂,¥16.22,共130节
solidworks非标机械自动化设计免费精品课,拼团,云艺帆教育,¥5.22,共12节
2020年3月全国计算机二级Office通关vip教程,4821人购买,蒋老师过级,¥47.72,共72节
【摄影】畅学会员中艺,0516人购买,中艺影像,¥5762.22,课程28
井方格实用硬笔行书速成法,32人购买,硬笔书法培训,¥864.22,共11节
学神Linux高薪运维云计算全程班/全程直播/终身学习/一对一辅导,888人购买,学神IT教育,¥1742.22,进度：32/62节
原画人日韩角色设计1期【吸烟】,37人购买,原画人在线学院,¥0672.22,进度：2/6节
2020完全解析+题库,342人购买,唐志,¥376.22,课程2
武百分2020执业/助理医师资格考试泌尿系统考点精讲,5103人购买,武百分教育,¥17.22,共11节
小雨注暖一元体验班及公开课,348人购买,蔺鹏飞,¥2.52,共30节
从基础到风光人文进阶,4人购买,好摄帮课堂,¥3162.22,课程2
2020高三数学寒春班,2人购买,上课铃教育,¥5177.22,课程3
【VIP-2年】付款链接 淘宝店铺电商运营 新手入门【齐论教育】,453人购买,齐论教育,¥4576.22,随到随学
旭文日语-零基础~N2-全课程随意学特惠套餐,9人购买,常泽教育,¥3316.22,课程17
淘宝运营技巧实操讲解 直通车拉升自然访客轻松打造爆款【齐论】,53万人购买,齐论教育,¥77.22,共51节
国和【路基工程精讲一】教材编委郑智能主讲,596人购买,国和网校,¥5.22,进度：1/1节
线稿课程17期【墨非凡画坊】,509人购买,邓梦菲,¥3222.22,共13节
无货源电商VIP课程,9人购买,大娃火焱社,¥8762.22,进度：14/14节
超级学习法天才精英班三四年级,084人购买,广东世之峰教育网络科技有限公司,¥0762.22,开设2个班级
数码摄影课程合辑-中艺网校,8654人购买,中艺影像,¥3762.22,共85节
室内设计VIP初高级班(2019年底冲刺班1),66人购买,仁厚教育,¥0312.22,课程8
【VIP-2年】付款链接 打造爆款全系拼多多 运营实操课程【齐论】,513人购买,齐论拼多多学院,¥9976.22,随到随学
中级财管通关保障B班,544人购买,菜子学院,¥5362.22,课程5
Java高级架构师进阶课程【六星教育】,83人购买,六星教育,¥4662.22,开设2个班级
武百分2020执业/助理医师资格考试血液系统考点精讲,5927人购买,武百分教育,¥17.22,共8节
Jmeter高级性能测试项目实战(赠送Loadrunner视频）,75人购买,松勤软件测试,¥8762.22,随到随学
Linux入门到服务器架构师,5人购买,零声学院,¥6312.22,课程2
【摄影】摄影基础实战/郭卫/录播/中艺,拼团,中艺影像,¥57.62,共20节
X-T1摄影入门到精通,8人购买,FUN视觉  雷波,¥876.22,课程22
实务+财管通关B班,8人购买,菜子学院,¥3362.22,课程14
CAD2020软件运用，全套施工图讲解,5881人购买,云学贝教育,¥9.22,共6节
Grasshopper 工具组件用法系统课程（合集）,5834人购买,Rhino3D（犀牛）原厂中国/Shaper3d,¥062.22,共63节
圆锥超级大招：独家心法口诀—高中数学新高考数学高三一轮,388人购买,数学怪,¥7.72,共1节
Excel Power Query 第2季视频教程 可视化及M函数入门【朱仕平】,998人购买,朱仕平,¥516.22,共114节
春哥4节超值人体结构干货入门课,5761人购买,飞鱼绘,¥7.72,共4节
6D2摄影从入门到精通,58人购买,FUN视觉  雷波,¥876.22,课程22
武百分2020执业/助理医师资格考试运动系统考点精讲,5400人购买,武百分教育,¥17.22,共11节
国和【路基工程精讲二】路床设计 教材编委郑智能主讲,506人购买,国和网校,¥5.22,进度：1/1节
【阶段一】前端全栈工程师精英班,64人购买,京程一灯,¥4662.22,随到随学
立体裁剪+平面制版 /平立一体互通打版进修课程（艺服教育）,862人购买,艺服教育,¥9776.22,随到随学
国和【桥梁工程精讲之小桥涵】道勘大咖孙家驷老师主讲,541人购买,国和网校,¥5.22,进度：1/1节
次世代游戏提升班【云普集教育】,102人购买,云普集游戏动漫学院,¥1362.22,进度：5/5节
【坤哥物理】2020高三二轮三轮系统班 高考直播模拟考,791人购买,蜜蜂优课,¥3977.22,课程10
【摄影】如何拍人像/田德友/录播/中艺,8667人购买,中艺影像,¥586.22,共13节
【恩维客教育】VIP室内设计CAD施工图深化高级班,151人购买,恩维客教育,¥5462.22,开设6个班级
中级实务通关保障B班,594人购买,菜子学院,¥5362.22,课程5
面向对象C#零基础入门精讲（1）C#开发入门,60人购买,徐照兴,¥52.22,共7节
马哥Linux高端运维云计算就业班-教学总监老王主讲,5592人购买,马哥教育,¥9162.22,共41节
精英续航系列-精讲班：经济法基础【续航A班】,476人购买,菜子学院,¥876.22,进度：10/30节
幕墙结构设计训练营,013人购买,江苏轩锐教育,¥7.72,进度：5/5节
高一答疑解惑班数理化,2人购买,大鹏家课堂,¥553.22,课程3
【火焱社拼多多】拼多多实战运营实战课程零基础打造爆款VIP升级,9人购买,火焱社拼多多商学院,¥8922.22,进度：12/12节
ASP.NET就业实例教程（1）ASP.NET基础入门搭建网站开发环境,597人购买,徐照兴,¥52.22,共8节
产品精修+海报合成实战班/为课教育,95人购买,为课教育,¥5177.22,随到随学
武百分2020乡村全科执业助理医师考点精讲班,71人购买,武百分教育,¥476.22,共38节
5D3摄影入门到精通,2人购买,FUN视觉  雷波,¥876.22,课程22
【北京峰源】土建造价实战班,5932人购买,峰源教育,¥3377.22,随到随学
【思睿电商】 2020年终冲刺班,014人购买,思睿电商学院,¥8162.22,进度：17/25节
【VIP-2年】付款链接 快速打造店铺爆款，营销最新玩法【齐论】,501人购买,齐论京东学院,¥4976.22,随到随学
python全栈自动化测试工程师第12-27期【柠檬班VIP】,5799人购买,柠檬班,¥1462.22,随到随学
原画人零基础入门15期【苗苗】,036人购买,原画人在线学院,¥0272.22,随到随学
2020给排水专业真题精粹飞跃班,3269人购买,张工教育,¥3162.22,2020-7-6开讲
【智能社】ES6精讲—ECMAscript6精通系列（基础篇）,5500人购买,【智能社】在线课堂,¥2.52,共6节
2020省考旗舰班,07人购买,晴教育,¥3762.22,课程15
高二数学同步精讲,7人购买,北京跨学网教育科技有限公司,¥547.22,课程3
武百分2020执业/助理医师资格考试心血管系统考点精讲,5714人购买,武百分教育,¥47.22,共12节
Java分布式电影预告小程序后台实战项目【鲁班学院】,11人购买,鲁班学院,¥5362.22,共21节
2020年初级会计师2科目协议通关【VIP全程私教辅导每日计划任务】,5358人购买,瑞云学堂,¥877.22,共72节
中级经济法通关保障B,587人购买,菜子学院,¥5362.22,课程5
二级机电备考合集,2人购买,筑城网校,¥5376.22,课程10
性能优化特训营,5335人购买,六星教育,¥772.22,进度：3/5节
摄影后期进阶实战班,5236人购买,光影学院,¥8362.22,随到随学
亚马逊金宝贝孵化班,2人购买,百聚汇商学院,¥57622,课程2
原画人3D辅助美宣2期【李睿】,512人购买,原画人在线学院,¥1762.22,进度：9/13节
二级结构备考合集,2人购买,筑城网校,¥5376.22,课程9
武百分2020执业/助理医师资格考试儿科疾病考点精讲,3234人购买,武百分教育,¥77.22,共16节
高级女装制版全套深造技术--VIP二班级【艺服在线教学】,719人购买,艺服教育,¥3777.22,随到随学
2019国考笔试高频刷题【第四期】,304人购买,尚政公考,¥362.22,进度：6/6节
智源教育SVIP专享-电商美工实战特训【飞速跨越孵化班】,1601人购买,智源教育学院,¥3162.22,共14节
【VIP】商业插画系统课程【板绘】,5796人购买,合尚教育,¥8362.22,进度：4/30节
JAVA实战班体验课【软谋教育】,89人购买,软谋教育,¥5.22,进度：1/1节
大暑教育2020全新VIP实战课程,5万人购买,大暑电商学院,¥8162.22,共6节
原画人插画基础8期【时若可止、二戈】,038人购买,原画人在线学院,¥3772.22,随到随学
二级建筑备考合集,2人购买,筑城网校,¥5376.22,课程10
消防安全技术实务精讲,1506人购买,不惑教育,¥677.22,进度：11/59节
UG产品+模具全科班,5人购买,学呀教育.,¥6666.22,课程5
HTML5前端+全栈从基础到就业班,35人购买,黄埔课堂,¥5776.22,课程43
从基础到人像后期进阶,0人购买,好摄帮课堂,¥3162.22,课程2
【外研社版】三上+三下,37人购买,Jenny英语课堂,¥79.22,课程2
武百分2020执业/助理医师资格考试女性生殖系统考点精讲,3282人购买,武百分教育,¥77.22,共23节
原画人伪厚涂插画11期【醒爷】,02人购买,原画人在线学院,¥9172.22,进度：8/12节
Excel2016基础综合教程,砍价,威领word excel ppt,免费,共226节
CAD制图全能【第一阶段.启航班】,9713人购买,云艺帆教育,¥622.22,随到随学
【外研社版】三/四/五/六年级(上册+下册),82人购买,Jenny英语课堂,¥343.22,课程8
java高级阶段（阶段三）,402人购买,拓薪教育,¥5677.22,共73节
小儿推拿必修精品课程,373人购买,青岛天士元健康管理咨询有限公司,¥8722.22,共12节
2018初级会计师职称考点+习题班送真题原题库软件名师王成瑶,5887人购买,瑞云学堂,¥77.22,共18节
Kali安全渗透+Web白帽子高级工程师+黑客攻防-腾讯课堂认证课程,389人购买,学神IT教育,¥1872.22,共24节
2020年注册结构工程师全程班,587人购买,张工教育,¥8322.22,课程4
【图灵VIP专属课堂】JAVA互联网架构师专题/分布式/高并发/微服务,1202人购买,图灵学院,¥4662.22,开设2个班级
原画人场景设计8期【申鹤】,43人购买,原画人在线学院,¥9172.22,共6节
"Office应用大师年费班(含Excel,Word,PPT,VBA,PQ,PP等)【朱仕平】",6人购买,朱仕平,¥476.22,共119节
亚马逊特训班VIP套课,311人购买,百聚汇商学院,¥7622.22,课程13
A6000摄影入门到精通,5人购买,FUN视觉  雷波,¥876.22,课程22
商业高级后期班,601人购买,为课教育,¥3977.22,随到随学
【修图】专业摄影师带你玩转Lightroom/许伟华/录播/中艺,8639人购买,中艺影像,¥577.22,共30节
【坤哥物理】高二下期全套含3-4  电磁感应动量光学,595人购买,蜜蜂优课,¥977.22,课程4
【严选课程】Java互联网架构师系统进阶课程（VIP） 【享学课堂】,9349人购买,享学课堂,¥4662.22,进度：25/31节
千代手绳系统教学课程 初级基础班,327人购买,千代,¥3176.22,共181节
JavaVIP-Redis突击训练之入门到疯魔,010人购买,六星教育,¥77.22,开设2个班级
2019淘宝运营之单品访客7天破千的技巧揭秘,5057人购买,大娃火焱社,¥55.22,共3节
摄影后期/影楼 精修 调色 风景 人像 合成 商业修图/全能班 聚恒,807人购买,聚心恒教育,¥3122.22,随到随学
JavaEE高级/javaweb/数据库/ssm框架/maven/linux,05人购买,拓薪教育,¥8777.22,共56节
PS/AI基础班/为课教育,45人购买,为课教育,¥162.22,进度：16/16节
C4D+Octane高级电商美工3D立体设计实训【高薪提升进阶班】,5096人购买,智源教育学院,¥3862.22,共4节
C4D电商视觉全能班,58人购买,蓝巴教育,¥3977.22,课程3
大神教你学插画VIP—古风插画特训班,0148人购买,绘梦CG学院,¥8812.22,开设2个班级
【西瓜商学院】路遥私家打造爆款绝秘玩法,5万人购买,西瓜商学院,¥77.22,共4节
商业插画设计实战班【VIP】,8876人购买,米你课堂,¥8462.22,进度：4/26节
周哥教IT.逆向基础课包,2人购买,周哥教IT,¥576.22,课程20
Web前端开发高级进阶班【软谋教育】,3096人购买,软谋教育,¥9077.22,开设2个班级
室内设计全套课程,2人购买,深柳堂设计学院,¥0212.22,课程2
（正式班）3DMAX效果图室内外设计（从零到精通）艾巴优教育,5万人购买,艾巴优教育,¥8162.22,随到随学
2020高中数学寒春冲刺营,33人购买,转折点教育,¥5977.22,课程3
【新手友好】5节课“零基础”入门谷歌推广,357人购买,魔贝课凡,¥76.22,共2节
UI设计特训营/项目实训基地/交互/APP设计/WEB设计/UI动效拔高课,317人购买,知行一教育,¥3762.22,2020-2-14开讲
0-N1精讲班【三文猫】,58人购买,三文猫,¥1762.22,课程3
软考软件设计师套餐,89人购买,小任老师,¥060.22,课程3
Linux云计算架构师进阶班-Docker-K8s-Devops-Openstack-1对1辅导,87人购买,学神 IT 教育,¥1772.22,进度：1/43节
Rhino3D(犀牛)工具讲解与应用课程（合集）,5843人购买,Rhino3D（犀牛）原厂中国/Shaper3d,¥062.22,共73节
A7R Ⅱ摄影入门到精通,52人购买,FUN视觉  雷波,¥876.22,课程22
【齐论跨境/专注跨境培训】亚马逊VIP学习卡（一年）,436人购买,齐论跨境学院,¥8977.22,共2节
摄影后期全科班+人像摄影全能班,2人购买,好摄帮课堂,¥0662.22,课程4
【VIP-2年】付款链接 快速选择精品专注跨境培训实操课程【齐论】,508人购买,齐论跨境学院,¥4576.22,随到随学
中高级测试开发「名企定向培养」班-霍格沃兹测试学院,拼团,霍格沃兹测试学院,¥52222,共47节
【赠课】19高考语文一轮复习（上）：文学的发现,115人购买,杨洋,¥177.22,共9节
【NEXT学院】Vue从入门到实战,552人购买,腾讯课堂NEXT学院,¥5977.22,共38节
软件测试管理层人才Leader精英班【乐搏学院】,10人购买,乐搏技术学院,¥0776.22,进度：6/14节
Java架构师VIP课程,8320人购买,鲁班学院,¥4962.22,开设2个班级
2020护士资格证考试零基础精讲课（刘本胜老师权威护资辅导）,拼团,刘本胜,¥811.22,共113节
PS教程/PS图像合成/电商美工/零基础到精通/合成技巧,515人购买,拓薪教育,¥877.22,开设4个班级
林耀基小提琴教学法讲堂,2人购买,弦韵未来,¥76.22,课程5
iOS 中高级训练营V7.0,32人购买,逻辑教育,¥6662.22,课程5
拼多多运营361计系列课程,3836人购买,火焱社拼多多商学院,¥97.22,共1节
【NEXT学位 x IMWeb】Web前端从小白到大师基础课程,75人购买,腾讯课堂NEXT学院,¥3777.22,共105节
泛学苑自媒体新媒体短视频撸收益第八期VIP内容创作全方位进阶班,015人购买,泛学苑自媒体,¥8576.22,共22节
Java分布式互联网架构/微服务/高性能/springboot/springcloud,542人购买,拓薪教育,¥8777.22,共67节
UG塑胶模具设计全科班,4人购买,学呀教育.,¥9662.22,课程3
SEO+大咖系列课程包,391人购买,魔贝课凡,¥8777.22,课程11
无忧就业会计精英私塾2班,865人购买,菜子学院,¥5777.22,开设2个班级
高级女装制版全套深造技术--VIP三班级【艺服在线教学】,946人购买,艺服教育,¥5376.22,随到随学
【VIP】CG原画/插画基础班,5994人购买,合尚教育,¥8412.22,进度：4/20节
全网最全最细的Jmeter接口测试压力课程实战，没有之一【柠檬班】,拼团,柠檬班,¥37.22,共113节
【齐论】Shopee虾皮VIP学习卡（一年）,46人购买,齐论跨境学院,¥8977.22,共2节
【坤哥物理】高二下期全套含3-3  电磁感应动量热学,878人购买,蜜蜂优课,¥977.22,课程4
[北京峰源]2019注册消防考试入门+专题解析班,727人购买,峰源教育,¥5.22,随到随学
【坤哥物理】高二全年同步课 选修3-1 3-2 3-3 3-4 3-5,2人购买,蜜蜂优课,¥5566.22,课程7
申论大作文寒假批改班,55人购买,晴教育,¥8762.22,进度：5/9节
高一物理同步精讲,82人购买,北京跨学网教育科技有限公司,¥837.22,课程2
山本教育素云VIP第九期恋爱技巧-完美情人班,808人购买,山本教育,¥5976.22,进度：1/3节
PS/AI训练营,855人购买,米你课堂,¥2.72,进度：10/22节
2020生物全套一轮二轮,62人购买,生物岳老师,¥5077.22,课程4
高二物理同步精讲,7人购买,北京跨学网教育科技有限公司,¥347.22,课程2
闪光灯/基础/摄影/用光 闪光灯实用技巧篇,02人购买,蜂鸟摄影微课堂,¥77.22,共7节
0-N2精讲班【三文猫】,08人购买,三文猫,¥9362.22,课程2
西瓜爆款特训营——年度版,8468人购买,西瓜商学院,¥8762.22,共9节
web全栈开发-企业级开发专题【六星教育】,02人购买,六星教育,¥9662.22,进度：12/25节
2020国考行测冲刺课,307人购买,晴教育,¥122.22,进度：59/59节
Python 自动化测试开发系统进阶课程_霍格沃兹测试学院,拼团,霍格沃兹测试学院,¥1422.22,随到随学
框剪商住综合体预算-土建工程造价案例实操【启程学院】,3132人购买,启程学院,¥5577.22,随到随学
【智能社】精通vue.js开发-第二期,1人购买,【智能社】在线课堂,¥5976.22,课程2
杨哥Linux云计算系列④：自动化运维CobblerSaltstack Ansible,55人购买,扣丁学堂,¥577.22,共7节
2020高考物理一轮电磁学系统班,338人购买,晨露课堂,¥977.22,共20节
VBA初级+提高系列课程,55人购买,Excel学习乐园,¥356.22,课程2
山本教育素云VIP第九期恋爱技巧-基础班,343人购买,山本教育,¥872.22,2020-2-11开讲
软件测试从小白到高手全程班【柠檬班】第66-60期,163人购买,柠檬班,¥4162.22,随到随学
【摄影】摄影零基础班-新版/张沛/录播/中艺,0294人购买,中艺影像,¥17.22,共20节
2020软考--网络工程师-上午历年真题解析视频（第三期）,514人购买,小任老师,¥77.22,共156节
网络安全/服务安全/代码安全/渗透测试【千锋教育】,36人购买,扣丁学堂,¥4362.22,共82节
PS设计课-3节直播（粉丝福利）,限时,柠檬学院,¥2.77,开设3个班级
UG产品+模具全科班,8人购买,学呀教育.,¥6666.22,课程5
武百分2020执业/助理医师资格考试消化系统考点精讲,3200人购买,武百分教育,¥77.22,共11节
U-Boot和系统移植套餐,37人购买,朱有鹏物联网大讲堂,¥829.22,课程20
【优梯教育】首页新趋势，精准标签玩法拉爆百万个性化流量,5832人购买,优梯教育,¥76.22,共2节
女神情感课堂-山本情感恋爱学堂VIP会员课程,380人购买,山本教育,¥8662.22,共7节
2020江西教师招聘学科（小学数学）专业知识精讲课程,315人购买,江西高校教育文化发展有限公司,¥762.22,共40节
土木复试全程土力学和混凝土结构设计原理,5人购买,志学鸿途教育学院,¥127.22,课程3
【火焱社拼多多】拼多多实战运营实战课程零基础打造爆款,913人购买,火焱社拼多多商学院,¥3762.22,进度：10/10节
平面设计大师班,8054人购买,智源教育学院,¥3862.22,共15节
Ps学了就用/Photoshop零基础到精通/合成/调色/ps动画/滤镜,5087人购买,蒋老师过级,¥82.22,共153节
软件测试之python自动化测试2(web自动化+app自动化+接口自动化）,5122人购买,松勤软件测试,¥1462.22,随到随学
【云鹤直通车上】30天直通车入门到精通，教你独立开车到专业水准,83人购买,卖盟学堂,¥377.22,共6节
声思英语VIP课程,079人购买,声思文化教育发展有限公司,¥776.22,共47节
2020年中级会计师职称考试【中级财务管理-精讲班】 名师授课,071人购买,瑞云学堂,¥376.22,共19节
CAD家具设计实战（室内板式定制家具衣柜橱柜酒柜-测量拆单报价）,3976人购买,云艺帆教育,¥3962.22,进度：3/5节
【摄影】人像摄影构图及应用/田德友/录播/中艺,8670人购买,中艺影像,¥17.22,共6节
正式-室外建筑表现建筑设计-效果图3dmax+Photoshop渲染后期VIP班,8838人购买,云艺帆教育,¥3162.22,共6节
python高级软件测试开发第1-3期【柠檬班VIP】,550人购买,柠檬班,¥53622,开设3个班级
原画人美宣插画7期【本命虎】,56人购买,原画人在线学院,¥9172.22,进度：8/10节
女神服装风格(线下+线上）,356人购买,完颜形象教育,¥77.22,共16节
摄影高级进阶VIP班,613人购买,光影学院,¥3762.22,随到随学
2020高考数学一轮复习系统班 sugar 王梦抒,417人购买,晨露课堂,¥5977.22,共76节
软件测试-零基础全栈就业班-【乐搏学院23-31期】,897人购买,乐搏技术学院,¥4162.22,随到随学
2Ｄ/3Ｄ/ＡＦ/ＤＦ包,0人购买,深圳学立行教育科技有限公司,¥9222.22,课程7
初级会计职称-精讲班：经济法基础,3389人购买,菜子学院,¥076.22,开设8个班级
【VIP】速写基础-传统向漫画向【合尚教育】,517人购买,合尚教育,¥5862.22,进度：12/25节
中考高考高分必备语法,7人购买,北京朴易教育科技有限公司,¥5571.22,课程2
高三高考数学总复习,52人购买,北京跨学网教育科技有限公司,¥391.22,课程2
武百分2020执业/助理医师资格考试呼吸系统考点精讲,5745人购买,武百分教育,¥47.22,共15节
【巨皇教育】手淘首页淘宝小卖家，获取上万访客秘籍运营实操课程,5万人购买,巨皇教育,¥16.22,共4节
软件测试—零基础全程就业课程【动脑学院】,5307人购买,动脑学院,¥4562.22,进度：16/16节
2020省考-片段阅读,564人购买,晴教育,¥122.22,随到随学
2020年淘宝运营冲刺班,58人购买,思睿电商学院,¥8162.22,2020-2-26开讲
老照片修复[全套]课程,2人购买,王国君,¥5376.22,课程5
Axure原型实战班（系统学习最新的Axure9.0，已有5000+同学学习）,001人购买,起点学院,¥077.22,共87节
初二英语语法专题,7人购买,北京跨学网教育科技有限公司,¥11.22,课程2
CAD制图全能【出图1001个技巧】配套习题,503人购买,云艺帆教育,¥022.22,共18节
2019年中级财务管理精讲班,8539人购买,菜子学院,¥976.22,共22节
【NEXT学院】Java全栈开发商业小程序,03人购买,腾讯课堂NEXT学院,¥077.22,共18节
职业摄影师实战就业班,2人购买,蜂鸟摄影微课堂,¥0777.22,课程6
VIP课程+大咖系列课,381人购买,魔贝课凡,¥8777.22,课程10
软件测试-Python自动化提升班【乐搏学院Web/APP/接口自动化】,582人购买,乐搏技术学院,¥1462.22,开设4个班级
原画人欧美卡通角色设计1期【铁匠】,52人购买,原画人在线学院,¥9172.22,进度：3/5节
2020宿阳生物｜7天再提20分一轮核心考点集锦,拼团,晨露课堂,¥2.77,共6节
.NET高级开发VIP班,9872人购买,软谋教育,¥9077.22,随到随学
自考本科 公共课全程班（英语+马原+近代史）,8人购买,学程教育,¥334.22,课程7
2020年高三数学一轮总复习,5人购买,高中数学视频吧,¥77.22,课程8
Java高级软件测试开发第1-2期【柠檬班】,12人购买,柠檬班,¥53622,开设2个班级
Amazon亚马逊排名要素初窥、爆款打造技巧【卖家揭秘】,125人购买,魔贝课凡,¥76.22,共10节
原画人绘画进阶12期 【玉梨子，重渡】,193人购买,原画人在线学院,¥0472.22,随到随学
Excel2016常用函数实操教程,砍价,威领word excel ppt,免费,共85节
摄影后期VIP全科班,75人购买,好摄帮课堂,¥8162.22,课程3
全网独家iOS自动化测试实战,5231人购买,柠檬班,¥076.22,共67节
高一语文专题精讲,6人购买,北京跨学网教育科技有限公司,¥377.22,课程7
新2020 PS 108实训班/实操训练/老师指导/作业点评/第3代VIP课程,3092人购买,聚心恒教育,¥3082.22,随到随学
ArcGIS 10.X 入门实战视频教程（GIS思维）,5600人购买,GIS思维,¥16.22,共38节
山本教育爱情管家挽回爱情婚姻提升情商/爱情管家,409人购买,山本教育,¥9662.22,共3节
前端主管培养计划,8人购买,丰橙学院,¥9662.22,课程5
亚马逊高级运营特训班 2020年百聚汇VIP学习卡,755人购买,百聚汇商学院,¥7622.22,随到随学
TWeb2019线上票（含录播）,889人购买,TWeb Conf,¥577.22,课程4
精英续航系列-精讲班：实务【续航A班】,476人购买,菜子学院,¥876.22,进度：17/28节
摄影后期 全能班,536人购买,蜂鸟摄影微课堂,¥8976.22,课程3
高端大数据课程 精英培训计划,5893人购买,优效学院,¥1762.22,开设3个班级
自然拼读+绘本拼读,197人购买,e学苑在线教育,¥077.22,课程2
【VIP】学院之路-素描石膏像/绘画/美术/素描基础/人像,513人购买,润木艺术,¥776.22,随到随学
自考专科 公共课（思修+毛中特）全程班,8人购买,学程教育,¥593.22,课程4
2020年江西教师招聘考试教育综合知识精讲班-高校教育,3360人购买,江西高校教育文化发展有限公司,¥5362.22,共74节
【齐论跨境/专注跨境培训】亚马逊全球开店介绍及收款方式详解,15人购买,齐论跨境学院,¥55.22,随到随学
Java架构师培养计划-Level one,394人购买,渡一教育,¥9077.22,随到随学
纯粹-2019黄恺室内设计平面布局户型优化核心班（方案设计系统）,408人购买,纯粹教育设计网校,¥8822.22,随到随学
【NEXT学院】Python从入门到实战·基础篇,86人购买,腾讯课堂NEXT学院,¥777.22,共33节
【人教版】五上+五下,54人购买,Jenny英语课堂,¥72.22,课程2
剑指Offer-ACM大牛带你玩转数据结构与算法,743人购买,图灵学院,¥5772.22,进度：24/24节
2019PS 108实训班/实操训练/学习兼职就业一站式/第3代VIP课程,3660人购买,聚心恒教育,¥3082.22,随到随学
【坤哥物理】高一全年同步课 含必修一与必修二,56人购买,蜜蜂优课,¥5566.22,课程2
马哥教育2020Python运维自动化高级进阶班,92人购买,马哥教育,¥7622.22,共24节
【齐论拼多多/专注电商培训】VIP课程学习卡,9271人购买,齐论拼多多学院,¥3777.22,随到随学
超级C4D提升进阶第九期【VIP】,195人购买,米你课堂,¥0277.22,进度：18/20节
中国风摄影后期就业班,13人购买,光影学院,¥3162.22,开设2个班级
亚马逊从零基础到精通,82人购买,百聚汇商学院,¥9762.22,课程3
潘晓川经典中医自洽体系药精初级班(脉法中药),897人购买,潘晓川,¥1222.22,共40节
【VIP】钢笔风景速写 /钢笔画/手绘/线稿/速写,04人购买,润木艺术,¥666.22,共30节
UI设计大师直升班【51RGB出品】,957人购买,51RGB在线教育,¥1577.22,随到随学
自考行政（专）VIP全程班,2人购买,学程教育,¥5262.22,课程11
手机摄影手机修图VIP,8人购买,好摄帮课堂,¥577.22,课程2
名师真题大师课系列,94人购买,机械工业出版社,¥566.22,课程3
不刷单！--99%的人都不会的爆款技巧,539人购买,西瓜商学院,¥377.22,共9节
威哥手把手解析Java核心技术-VIP配套基础课,68人购买,扣丁学堂,¥377.22,共32节
软件测试之python自动化测试3(web自动化+app自动化+接口自动化）,89人购买,松勤软件测试,¥1462.22,随到随学
SEO+谷歌SEO套餐课,51人购买,魔贝课凡,¥9777.22,课程12
信息学算法专题打包课,32人购买,深学教育,¥3862.22,课程8
【齐论教育】新品宝贝操作技巧引爆免费流量打造爆款,584人购买,齐论教育,¥55.22,随到随学
【旅拍终结者】之自然山水行摄篇,8人购买,蜂鸟摄影微课堂,¥587.22,共3节
【VIP】《零基础水彩》色彩绘画/美术/手绘风景/色调/风景/山水画,73人购买,润木艺术,¥5976.22,共46节
4周文案训练营，快速掌握10年职业文案人的私家绝活（第18期）,5202人购买,起点学院,¥177.22,共50节
基础强化班,72人购买,画境CG学园,¥5276.22,课程2
Java企业级就业在线培训班,924人购买,拓薪教育,¥9177.22,随到随学
初下中上套餐（N4N3）,33人购买,三扣老师日语课堂,¥122.22,课程8
PS影楼后期就业班 为课网校,8430人购买,为课教育,¥3977.22,随到随学
SPOTO-HCIP直播课 华为认证网络工程师+项目实战,939人购买,SPOTO思博网络,¥3772.22,共20节
【VIP】CG日韩班-【合尚教育】,324人购买,合尚教育,¥0962.22,2020-3-2开讲
电气设备安装工程（强电）-安装工程造价案例实操【启程学院】,3971人购买,启程学院,¥5577.22,共46节
【摄影】品质操控-摄影基础/田红/录播/中艺,8680人购买,中艺影像,¥17.22,共20节
墨子学院新纪元seovip课程-专注内页排名和流量提升特训营,3240人购买,墨子学院,¥0262.22,开设3个班级
做抖音电商卖货挣钱|抖音短视频推广|新媒体|淘宝客自媒体,364人购买,魔贝课凡,¥17.72,共6节
2020软考--系统集成项目管理工程师-基础知识(上) 视频课程,163人购买,小任老师,¥577.22,共29节
【摄影】手机摄影/郭卫/摄影/中艺,拼团,中艺影像,¥57.62,共11节
【恩维客教育】VIP室内设计CAD设计谈单高级班,936人购买,恩维客教育,¥3262.22,开设7个班级
3Dmax/CAD/VRay入门到精通/建模/材质/灯光/渲染,5人购买,潜行教育,¥8211.22,课程4
PS2019软件精通班-淘宝美工班+基础入门进阶-0基础学习快速提高,770人购买,91缔范教育,¥622.22,共24节
"老k英语, 全部精品课",2人购买,老K,¥177.22,课程8
独立音乐人编曲训练营,85人购买,乐才派,¥0576.22,课程2
Java分布式电影预告小程序后台,72人购买,享学课堂,¥966.22,共22节
3D传统游戏建模基础班【云普集教育】,47人购买,云普集游戏动漫学院,¥5162.22,进度：10/10节
电商设计实战就业班+手把手淘宝店铺装修+就业简历指导,01人购买,拓薪教育,¥8577.22,共42节
商业插画全套VIP课程,33人购买,简学课堂,¥8062.22,课程2
2020年一级注册结构专业考试培训班,91人购买,筑道教育,¥0922.22,课程8
【摄影】影棚人像用光与布光/田德友/录播/中艺,8613人购买,中艺影像,¥77.22,共10节
Java基础入门阶段（javase教程，零基础java入门教程）（阶段一）,455人购买,拓薪教育,¥177.22,共212节
Go语言从入门到构建区块链教程,2人购买,猿课教育,¥5976.22,课程7
2020一建机电全科特训,2人购买,酒泉游一男文化传播中心,¥3843.22,课程17
【直播】零基础绘画入门课-日系Q版风格-战翼大丸老师,621人购买,战翼CG文化教育,¥5062.22,随到随学
【贾真6天特训营】电商运营淘宝拼多多开店从零到盈 爆款实操玩法,3559人购买,齐论教育,¥177.22,共6节
"并发编程从入门到入魔,Java架构并发编程特训营【咕泡学院】",155人购买,咕泡教育,¥577.22,进度：3/3节
Flowable快速入门,7人购买,分享牛,¥377.22,课程3
网络推广营销新媒体训练营，90天培养高收入互联网自媒体达人,0人购买,泛学苑自媒体,¥3376.22,共14节
初级会计职称-精讲班：实务,3332人购买,菜子学院,¥076.22,开设9个班级
2020江西教师招聘学科（体育）专业知识精讲课程,07人购买,江西高校教育文化发展有限公司,¥762.22,共50节
从零开始学时政—2020版,5515人购买,晴教育,¥77.22,共7节
移动互联网架构开发（VIP班）【享学课堂】,157人购买,享学课堂,¥9762.22,进度：15/20节
超级学习法天才精英班五六年级,637人购买,广东世之峰教育网络科技有限公司,¥0762.22,开设2个班级
Web前端高级工程师培养计划 第十三期 LEVEL ONE【渡一教育】,596人购买,渡一教育,¥6577.22,共19节
魏老师应试语法大全,87人购买,北京朴易教育科技有限公司,¥5977.22,课程3
全网最全最细Fiddler抓包工具，没有之一【柠檬班】,拼团,柠檬班,¥2.23,共25节
2020初级会计精讲联报,8人购买,优为学堂,¥076.22,课程2
前端0基础速成+精选实战项目,5万人购买,蝉壳学院,¥777.22,共26节
【预习资料】技术实务,0247人购买,不惑教育,¥177.22,共56节
新 C4D /电商设计 PS美工设计 立体三维3D效果 高级实战班-聚心恒,3835人购买,聚心恒教育,¥5922.22,随到随学
Creo/Proe产品结构设计实战班,42人购买,云艺帆教育,¥8762.22,共5节
799预定两门课程,5人购买,柠檬班,¥477.22,课程2
稳稳消防【2020建筑防火】技术+综合,9931人购买,稳稳,¥162.22,2020-3-9开讲
第四阶段—04重量感表演-搬箱子课堂案例【百艺汇聚】,66人购买,百艺汇聚,¥077.22,共9节
Web前端高级工程师培养计划 第十四期 LEVEL ONE【渡一教育】,590人购买,渡一教育,¥6577.22,共19节
人际关系技巧型男恋爱学【山本教育】,8万人购买,山本教育,¥16.22,共2节
户外人像外拍实战攻略专题课,5762人购买,光影学院,¥16.22,进度：2/2节
2019室内最新全套班,99人购买,若水学院,¥8662.22,课程2
【齐论高级VIP】付款链接 淘宝店铺电商运营 新手入门,5740人购买,齐论教育,¥8977.22,共6节
SEO+SEM套餐课程,01人购买,魔贝课凡,¥9777.22,课程12
中高级打包课程,95人购买,王启存,¥777.22,课程6
2分钱买600分钟jmeter性能实战,5857人购买,松勤软件测试,¥92.22,共13节
就业+Vue技术助力计划,5人购买,妙思维JS++,¥1762.22,课程2
室内CAD施工图班,5533人购买,艾巴优教育,¥5362.22,随到随学
武百分2020乡村全科执业助理医师考试特色通关班（直播回放）,62人购买,武百分教育,¥976.22,共13节
HCIA直播课 华为认证网络工程师（SPOTO）,974人购买,SPOTO思博网络,¥877.22,共16节
【VIP】漫画基础造型课程【合尚教育】,3353人购买,合尚教育,¥3262.22,开设2个班级
日语初级上下册合集,524人购买,三扣老师日语课堂,¥912.22,课程9
Adobe Illustrator【AI】软件零基础到精通工作实战演习,3562人购买,野马设计学院,¥122.22,开设3个班级
摄影后期VIP全科班三期,30人购买,好摄帮课堂,¥0102.22,课程3
最新AE教程 after effect 2019CC零基础到精通【51RGB在线教育】,849人购买,51RGB在线教育,¥516.22,共35节
2020年初级会计优课,18人购买,优为学堂,¥116.22,课程4
北京峰源注册结构考试赠送课（高层及复杂高层结合实际案例讲解）,5612人购买,峰源教育,¥177.22,共30节
pr后期调色宝典,316人购买,果子坤sockite,¥50.22,课程2
零基础英语合集（音标+新概念一册+零基础口语短句）,90人购买,金伟博教育,¥176.22,课程3
六个方向CCIE专家讲师教你CCNP+HCNP,5728人购买,太阁IT认证中心,¥0922.22,随到随学
绘画基础【VIP】,8924人购买,米你课堂,¥5762.22,进度：12/13节
【VIP】《小白学素描》（普及）几何/静物/美术基础/绘画结构色调,902人购买,润木艺术,¥5876.22,共33节
2020江西教师招聘学科（小学语文）专业知识精讲课程,393人购买,江西高校教育文化发展有限公司,¥762.22,共52节
软件测试-零基础全栈就业班-【乐搏学院27-35期】,525人购买,乐搏技术学院,¥4162.22,随到随学
公务员考试—无忧计划,583人购买,思政教育,¥762.22,共146节
原画人现代风角色8期 【李圣元】,砍价,原画人在线学院,¥9872.22,共8节
SEO到底咋做？搜索引擎优化总监实战VIP课堂【透析2019最新案例】,6772人购买,魔贝课凡,¥8777.22,随到随学
辅导员笔试+面试合辑（备）,9人购买,立德树人教育,¥5077.22,课程2
高考数学二轮高分养成班（解答题特训）sugar王梦抒,385人购买,晨露课堂,¥977.22,共7节
【摄影】外景人像怎么拍/田德友/录播/中艺,8783人购买,中艺影像,¥77.22,共22节
MAYA角色动画师就业班—通往大神之路【百艺汇聚】,限时,百艺汇聚,¥55622,共117节
【中级组合】形象设计,33人购买,完颜形象教育,¥5062.22,课程5
软件测试之App自动化测试/Appium实战全解【柠檬班】,拼团,柠檬班,¥2.23,共36节
摄影后期基础班,586人购买,光影学院,¥662.22,开设3个班级
Web前端全栈HTML5+大神之路,322人购买,扣丁学堂,¥9322.22,随到随学
电商美工大师班(7期),502人购买,聚心恒教育,¥8462.22,课程3
Java分布式互联网架构/微服务/高性能/springboot/springcloud,32人购买,拓薪教育,¥8777.22,共103节
学神Linux高薪运维云计算全程班/全程直播/终身学习/一对一辅导,86人购买,学神 IT 教育,¥1742.22,进度：1/62节
2020年二级建造师市政实务通关班【二建云峰网校】,2人购买,云峰网校,¥876.22,课程3
手机修图/手机短视频拍摄与剪辑VIP精品课,90人购买,好摄帮课堂,¥307.22,课程2
武百分2020执业/助理医师资格考试代谢、内分泌系统考点精讲,616人购买,武百分教育,¥17.22,共8节
电商设计就业班一阶段,398人购买,柠檬学院,¥977.22,开设3个班级
【摄影】私房人像的拍摄技法揭秘/田德友/录播/中艺,8602人购买,中艺影像,¥77.22,共13节
Maya角色动画网络预科班—百艺汇聚,51人购买,百艺汇聚,¥16.22,共15节
seo内页排名技术-大量关键词排名操作方法-特殊关键词快速排名,0225人购买,墨子学院,¥8962.22,随到随学
2020注册岩土工程师专业考试规范深度研习班,5509人购买,张工教育,¥3666.22,开设2个班级
【摄影】风光摄影十大杀招及必杀技/许伟华/摄影录播/中艺,8696人购买,中艺影像,¥17.22,共20节
UI设计全科班（网页端）,5480人购买,米你课堂,¥3022.22,进度：7/7节
软件测试从小白到高手全程班【柠檬班】第65-54期,141人购买,柠檬班,¥4162.22,随到随学
新媒体网络营销|网络推广零基础培训班，90天培养互联网高薪,50人购买,泛学苑自媒体,¥5776.22,共22节
新概念英语一册合集72,2人购买,金伟博教育,¥4766.22,课程3
【NEXT学院】人人都会微信小程序实战进阶,5618人购买,腾讯课堂NEXT学院,¥577.22,共13节
室内工装深化班,711人购买,艾巴优教育,¥3562.22,开设4个班级
信息系统项目管理师-应试宝典,2人购买,清哥好课堂,¥476.22,课程5
【录播】英语语法知识学习-跟海斌老师学语法全套课程（送教材）,砍价,e学苑在线教育,¥817.22,共81节
专业品牌设计-平面设计A班【51RGB出品】,5684人购买,51RGB在线教育,¥8222.22,共5节
2019室内设计全案班,10人购买,若水学院,¥8662.22,课程2
全科-整体形象设计师,2人购买,完颜形象教育,¥0922.22,课程5
3D传统游戏提升班【云普集教育】,5587人购买,云普集游戏动漫学院,¥9362.22,开设6个班级
UI设计全科班（移动端）,8322人购买,米你课堂,¥8722.22,进度：8/19节
【动脑学院VIP】50W年薪安卓Android架构性能优化UI/NDK/Flutter,9312人购买,动脑学院,¥1662.22,进度：114/125节
实用硬笔楷书速成法,33人购买,硬笔书法培训,¥866.22,共20节
就业+NodeJS助力计划,2人购买,妙思维JS++,¥4762.22,课程3
汇算清缴速成班,467人购买,菜子学院,¥077.22,进度：4/24节
2020软考-信息系统项目管理师-基础知识(下) 新版教程,827人购买,小任老师,¥577.22,共34节
后期修图课程合辑-中艺网校,8659人购买,中艺影像,¥3762.22,共63节
2020注册消防工程师：技术实务教材精讲班【云峰网校】,3201人购买,云峰网校,¥677.22,进度：11/30节
【直播】PS/Ai软件零基础到实训班级,4128人购买,米你课堂,¥077.22,开设4个班级
JAVA架构师黄埔班,5634人购买,软谋教育,¥1077.22,进度：8/11节
2020财会+涉税服务实务,3人购买,菜子学院,¥5712.22,课程10
产品精修+海报合成实战进阶班（VIP）为课网校,3836人购买,为课教育,¥3677.22,随到随学
Python全栈开发,2人购买,六星云课堂,¥4662.22,课程2
C/C++ Linux服务器开发/高级架构师课程【动脑学院】,001人购买,动脑学院,¥9762.22,进度：6/14节
【VIP】素描兴趣入门基础-0基础【合尚教育】,046人购买,合尚教育,¥5562.22,进度：6/12节
2020年3月全国计算机二级公共基础（3合1）,8785人购买,蒋老师过级,¥57.22,共17节
Excel Power Query 第3季视频教程 M语言进阶应用【朱仕平】,344人购买,朱仕平,¥576.22,共122节
人工智能商业实战AI深度学习/机器学习/Python/大数据_咕泡教育,373人购买,咕泡教育,¥51622,进度：6/12节
就业-职业角色动画课01基础阶段【百艺汇聚】,518人购买,百艺汇聚,¥3522.22,共22节
新概念英语一册合集36,2人购买,金伟博教育,¥0866.22,课程3
前端精英班十九期,3人购买,京程一灯,¥59622,课程2
【恩维客教育】VIP室内设计效果图表现3DMAX高级建模班,9897人购买,恩维客教育,¥5662.22,开设6个班级
流行演唱拓展课程合集,82人购买,玄博SO-E音乐课堂,¥12.22,课程2
闲鱼零基础实战特训营【卓让教育】,505人购买,卓让教育,¥5377.22,共11节
2019-纯粹室内设计师IPAD PRO手绘实用班（方案设计）,802人购买,纯粹教育设计网校,¥8222.22,开设2个班级
【齐论教育】小白零基础精通电商运营技巧淘宝天猫店铺体系化操作,07人购买,齐论教育,¥976.22,共6节
室内设计VIP初高级班1,10人购买,仁厚教育,¥0012.22,课程7
新概念英语第一册合集（精讲+配套练习）打基础课程,50人购买,金伟博教育,¥476.22,课程2
【直播】战翼日韩伪厚涂风格插画 - 小天老师,825人购买,战翼CG文化教育,¥0262.22,进度：1/25节
高端JAVA架构课程 精英培训计划,5190人购买,优效学院,¥4762.22,开设2个班级
2020高考生物一轮复习联报班,44人购买,晨露课堂,¥5377.22,共65节
2020年发输变电专业一元入门体验课,067人购买,张工教育,¥2.23,进度：5/5节
学习Visio+Project,80人购买,游峰,¥305.22,课程4
robotframework自动化测试框架从入门到精通,591人购买,柠檬班,¥2.23,共5节
人防全套视频,9人购买,汤茂之土建造价大讲堂,¥196.22,课程3
【柠檬班】软件测试必备linux之xshell及xftp的安装及使用秘诀,852人购买,柠檬班,¥2.23,共13节
海量数据分库分表正确姿势/Java架构师进阶【咕泡学院】,044人购买,咕泡教育,¥7.72,共4节
Loadrunner/Jmeter 高级性能测试实战试听课,660人购买,柠檬班,¥2.23,共10节
2020年供配电专业一元入门体验课,871人购买,张工教育,¥2.23,进度：6/6节
室内方案设计班,408人购买,艾巴优教育,¥3462.22,开设2个班级
零基础学摄影后期,902人购买,米你课堂,¥2.23,共6节
注册暖通工程师启航入门班,479人购买,张工教育,¥5.22,进度：2/2节
"深入剖析MySQL索引原理,java高级,Java架构师进阶【咕泡学院】",543人购买,咕泡教育,¥5.22,共4节
Loadrunner/Jmeter 高级性能测试4期,18人购买,柠檬班,¥9622.22,随到随学
2020高考乘风语文一轮复习系统班,3065人购买,晨露课堂,¥5977.22,共13节
TCP/IP网络知识必备及Wireshark抓包工具详解,590人购买,柠檬班,¥2.23,共24节
拼多多商品权重全面解析,36人购买,火焱社拼多多商学院,¥5.22,共2节
【预习资料】技术实务,006人购买,云峰网校,¥176.22,共28节
2020国考申论冲刺课,390人购买,晴教育,¥162.22,共22节
十八期前端全栈精英班,81人购买,京程一灯,¥59412,课程2
Project规划+管理项目,34人购买,游峰,¥532.22,课程2
小学四年级英语合集,5人购买,金伟博教育,¥662.22,课程4
【巨皇教育】VIP从零起步打造爆款全系淘宝运营实操课程,853人购买,巨皇教育,¥8766.22,进度：6/6节
武百分2020执业/助理医师资格考试精神、神经系统考点精讲,5448人购买,武百分教育,¥47.22,共23节
全国BIM等级考试及Revit建模基础课程,84人购买,BIM小课堂,¥377.22,课程5
2020软考--系统集成项目管理工程师-基础知识(下) 视频课程,133人购买,小任老师,¥577.22,共29节
超级学习法天才精英班中学年级,5379人购买,广东世之峰教育网络科技有限公司,¥0762.22,开设2个班级
SolidWorks全套教程,333人购买,杭州巧风电子商务有限公司,¥36.62,课程6
Java架构师之源码分析专题系列教程,2人购买,猿课教育,¥3762.22,课程24
【鑫巢教育】双11销售额翻6倍的活动引导步骤,3人购买,鑫巢教育,¥55.55,共1节
产品经理训练营,6人购买,米你课堂,¥7222.22,进度：15/30节
大大教你学插画-日系商业插图绘制、Q版、赛璐璐上色、Sai入门,933人购买,绘梦CG学院,¥3422.22,开设2个班级
湖南大学工业设计考研史论的正确复习方法【卓尔谟教育】,80人购买,卓尔谟教育,¥1.22,共1节
马哥Linux高端运维云计算就业班-随到随学+一对一辅导+定期直播,5219人购买,马哥教育,¥9162.22,共33节
峰源注册消防实务/综合/案例精选课程,362人购买,峰源教育,¥7.72,共13节
KeyShot 9 产品渲染软件安装及最新功能讲解,379人购买,卓尔谟教育,¥5.22,共1节
从入门到进阶，深入理解JVM底层原理,550人购买,图灵学院,¥2.77,共7节
高中数学微专题系列--突破难点系列,2人购买,张新娥,¥52.22,课程9
冲刺班-中药四科,2人购买,北京华夏杏坛教育科技有限公司,¥922.22,课程4
软件测试经典面试题剖析，金三银四面试涨薪so easy,0人购买,柠檬班,¥2.23,共13节
PS软件系统培训课PS软件职业精讲案列实战演习,3007人购买,野马设计学院,¥622.22,开设7个班级
十七期前端全栈精英班,86人购买,京程一灯,¥59412,课程2
Rhino犀牛基本体分割形态产品建模【卓尔谟教育】,93人购买,卓尔谟教育,¥5.22,共2节
零基础学GIT版本控制（从入门到精通）【柠檬班】,343人购买,柠檬班,¥2.23,共26节
高考数学二轮高分养成班（选填特训）sugar王梦抒,387人购买,晨露课堂,¥977.22,共7节
史上最全软件项目模型集锦和详解，测试工程师不能不知道的秘密！,55人购买,柠檬班,¥2.23,共7节
2020注册电气工程师（供配电）专业考试教材深度研习班,764人购买,张工教育,¥5666.22,开设2个班级
工业产品设计手绘、 产品线稿、马克笔技法、考研快题表现,712人购买,卓尔谟教育,¥5.22,进度：5/5节
AE影视后期设计班  0基础精通AE系统课程 MG动画实战教学,5831人购买,木客教育,¥3222.22,随到随学
软件测试职业规划及高薪offer指南,88人购买,柠檬班,¥2.23,共24节
ArcGIS之模型构建器（ModelBuilder）视频教程,073人购买,GIS思维,¥16.22,共15节
2020高考物理一轮力学系统班,309人购买,晨露课堂,¥977.22,共17节
iOS 最具学习潜力框架—Metal 图形处理入门,572人购买,逻辑教育,¥7.72,共1节
思科认证CCNP理论+实战,868人购买,超有趣学网络,¥3776.22,共10节
团子日系赛璐璐班套餐课,2人购买,大触来了,¥3577.22,课程2
一节PS后期调色分享课程【课上分享课程素材 插件合集】,518人购买,米你课堂,¥5.22,进度：1/1节
Web前端VIP体验课,0人购买,渡一教育,¥7.72,共1节
JDK8新特性-stream api,598人购买,马士兵老师,¥5.22,共1节
Rhino犀牛工业产品设计建模零基础入门【卓尔谟教育】,78人购买,卓尔谟教育,¥5.22,共5节
前端全栈工程师精英班,450人购买,京程一灯,¥59322,随到随学
自定义注解,47人购买,马士兵老师,¥5.22,共1节
robotframework自动化测试框架从入门到项目实战4-1期,5011人购买,柠檬班,¥3122.22,随到随学
JDK8新特性～lambda表达式,565人购买,马士兵老师,¥5.22,共1节
iOS逆向入门精讲,571人购买,逻辑教育,¥7.72,共1节
小学六年级英语合集,2人购买,金伟博教育,¥662.22,课程4
米你课堂-摄影后期高级实战班【VIP】,8307人购买,米你课堂,¥0522.22,进度：1/17节
工业产品设计手绘基础入门知识轻松教你掌握,44人购买,卓尔谟教育,¥5.22,共7节
平面设计就业提升班,365人购买,米你课堂,¥2.52,进度：2/2节
【摄影】手机摄影/张沛/录播/中艺,8661人购买,中艺影像,¥17.22,共10节
"基于OAuth2.0保护接口安全之实战现场,Java高级,架构师_咕泡学院",55人购买,咕泡教育,¥5.22,共1节
iOS进阶开发与底层原理,53人购买,逻辑教育,¥7.62,共3节
【VIP】国画工笔入门系统课【合尚教育】,37人购买,合尚教育,¥762.22,进度：9/16节
【北京峰源】安装造价之（消防）实战专项班,8185人购买,峰源教育,¥766.22,随到随学
平面实战高薪就业班（高级班）,8493人购买,米你课堂,¥3122.22,随到随学
AE C4D基础课程快速入门班,拼团,木客教育,¥3.62,共28节
2020年执业兽医资格考试培训录播合集,2人购买,宠依泊适教育,¥577.22,课程4
聊天技巧/恋爱脱单课堂/山本教育,5万人购买,山本教育,¥877.22,共4节
人力资源“精鹰计划”,6人购买,重庆壹零八人力资源管理有限公司,¥526.22,课程21
情感课堂恋爱情感婚姻课程,5064人购买,山本教育,¥562.22,共2节
Excel Power Query 第1季视频教程 可视化应用入门【朱仕平】,374人购买,朱仕平,¥16.22,共24节
Python全栈开发/爬虫/人工智能/机器学习/数据分析【千锋教育】,528人购买,扣丁学堂,¥4362.22,随到随学
Linux云计算高端架构班/内核调优/亿万PV优化/kubernetes/Docker/,732人购买,京峰教育,¥4962.22,进度：91/94节
英语四级+英语六级（乱序完整版）,65人购买,Doge 记单词,¥522.22,课程2
3dmax2020新手入门视频教程-艾巴优教育,896人购买,艾巴优教育,¥876.22,共33节
【齐论拼多多/专注电商培训】3招快速选出拼多多爆款货源技巧,19人购买,齐论拼多多学院,¥55.22,随到随学
.NET/C#工控上位机VIP系统学习班【喜科堂互联教育】,453人购买,喜科堂互联教育,¥9077.22,共89节
powermill数控编程  PM模具 CNC编程 创景教育 VIP高级快速就业班,3093人购买,创景教育,¥8892.22,进度：15/31节
Java框架项目尊享铂金专业培训课程,392人购买,拓薪教育,¥3777.22,随到随学
《建筑学理综》重点精讲+真题解析,2人购买,刘帅,¥3176.22,课程2
设计法则全套往期回放,5871人购买,品格设计课堂,¥3962.22,共32节
【官方推荐】红帽Linux认证RHCE基础班,800人购买,SPOTO思博网络,¥377.22,2020-2-13开讲
（二）土建工程造价实操【人防高层、别墅案例量价全过程】,1804人购买,起步造价实操,¥8377.22,随到随学
Python爬虫+数据分析高薪班,6人购买,青灯教育,¥8977.22,课程3
女装制版全套深造技术课程包,325人购买,艺服教育,¥9776.22,课程5
人人都会微信小程序,826人购买,腾讯课堂NEXT学院,¥577.22,共15节
陈剑大师课,38人购买,机械工业出版社,¥77.22,课程2
.NET/C#全栈开发高级VIP班【C/S+B/S+10个项目实战】,3486人购买,喜科堂互联教育,¥0077.22,随到随学
（二）安装工程造价实操【给排水消防强电弱电通风采暖建筑智能】,5713人购买,起步造价实操,¥3177.22,共36节
"小白也能学会网站建设,七天无条件全额退款,seo必备,dedecms",811人购买,墨子学院,¥577.22,共16节
电商美工就业班/设计精选必学/学习兼职就业一站式VIP课程,37人购买,柠檬学院,¥3662.22,进度：15/24节
鑫全大师课,38人购买,机械工业出版社,¥77.22,课程2
H5大前端全栈VIP就业班配套基础课（赠送）,5610人购买,扣丁学堂,¥377.22,共39节
小学五年级英语合集,5人购买,金伟博教育,¥662.22,课程4
【外研社版】五上+五下,82人购买,Jenny英语课堂,¥71.22,课程2
UG塑胶模具设计特训营全科班VIP第二阶段课程,530人购买,学呀教育.,¥8776.22,共103节
平面实战高薪就业班（中级班）,1561人购买,米你课堂,¥3822.22,进度：14/20节
【鑫巢教育】非邀约勿拍 淘宝运营实操大神班精通系列课程,32人购买,鑫巢教育,¥0777.22,共18节
太阁闫辉XCNA网络认证VIP班,147人购买,太阁IT认证中心,¥866.22,随到随学
2020年高考御风少年班,79人购买,星炫课堂,¥4622.22,课程7
Office高级-精英全套,7人购买,上海同创共展教育科技有限公司,¥532.22,课程46
稳稳消防【2020消防早鸟班】,1183人购买,稳稳,¥072.22,共24节
2019成人学位英语VIP课程 晨夕-自考、网教、成教,065人购买,晨夕学院,¥112.22,共25节
极致化淘宝运营/带你走向财富自由之路【思睿电商】,6584人购买,思睿电商学院,¥77.22,共3节
Java基础入门到精通尊享铂金专业培训课程（直通JavaEE就业大门）,977人购买,拓薪教育,¥3222.22,随到随学
软件测试高薪就业速成班3-12期,546人购买,柠檬班,¥53822,开设3个班级
平面电商视觉设计班,832人购买,木客教育,¥5166.22,开设3个班级
冀教版七年级上册英语合集（知识点精讲+练习+音标）,2人购买,金伟博教育,¥5866.22,课程3
工业管道-安装工程造价案例实操【启程学院】,485人购买,启程学院,¥677.22,共13节
2020高考生物一轮复习全套,312人购买,大鹏生物,¥3077.22,课程14
软件测试管理测试经理测试总监测试高管课程第1-2期,581人购买,柠檬班,¥0922.22,进度：76/76节
UG产品数控编程加工/模具编程加工生产工艺综合设计班,0980人购买,云艺帆教育,¥3562.22,2020-2-5开讲
牙典教育-2020口腔执业/助理医师vip基础精讲班,5219人购买,牙典教育,¥5362.22,共17节
广播电视标题动态消息,2人购买,杜国强,¥39.22,课程6
新概念英语1、2册连读,5532人购买,e学苑在线教育,¥176.22,课程2
五类景观设计+高薪作品集+一年陪伴教学+每天作业反馈+一对一辅导,8409人购买,轻筑学院,¥0762.22,进度：16/24节
服装设计手绘高级VIP直播班【山本教育】,62人购买,山本教育,¥5377.22,进度：3/10节
土建BIM实训课程合集,8人购买,嘉图BIM,¥8414.22,课程5
iPad商业插画【VIP】,334人购买,米你课堂,¥3162.22,进度：7/13节
平面设计基础到精通实战班（VIP）为课网校,3946人购买,为课教育,¥8577.22,随到随学
2020江西教师招聘学科（美术）专业知识精讲课程,14人购买,江西高校教育文化发展有限公司,¥762.22,共46节
10大个人服装风格,807人购买,完颜形象教育,¥5412.22,共11节
java互联网阶段（阶段四）,405人购买,拓薪教育,¥5777.22,共57节
【官方授权】千锋红帽RHCE/RHCSA认证考试课程（含考试费）,04人购买,扣丁学堂,¥9762.22,共65节
抖音运营|直播电商卖货技巧|热门培训养号蓝V攻略教程,34人购买,泛学苑抖音短视频,¥51.72,课程4
人教版初中英语七年级下册英语合集（精讲+练习+音标）,59人购买,金伟博教育,¥5392.22,课程3
【摄影】不一样的摄影基础课/钱志宏/录播/中艺,8639人购买,中艺影像,¥17.22,共10节
新概念英语123册连读,557人购买,e学苑在线教育,¥5204.22,课程3
摄影后期大师班-设计精选必学【腾讯课堂认证机构】,858人购买,涵品教育,¥3162.22,2020-5-19开讲
H5大前端全栈提升VIP就业班直播课（七期）,05人购买,扣丁学堂,¥4362.22,进度：9/23节
液化气站-安装工程造价案例实操【启程学院】,485人购买,启程学院,¥677.22,共9节
自动化测试进阶课|Python自动化/web自动化+app自动化/接口自动化,1人购买,扣丁学堂,¥1622.22,共90节
EXCEL在财务中的高级应用,60人购买,菜子学院,¥977.22,进度：20/30节
影楼后期就业班,466人购买,为课教育,¥3977.22,随到随学
【菜子学院】2020初级双科完整录播,学伴,菜子学院,免费,共22节
2020年中级会计师职称考试【中级会计实务-精讲班】 名师授课,905人购买,瑞云学堂,¥376.22,共27节
【北京峰源】安装造价实战之（给排水+暖通）,8893人购买,峰源教育,¥496.22,随到随学
2020注册暖通三班联报,508人购买,蔺鹏飞,¥3462.22,课程4
全面掌握室内设计思维,300人购买,本设教育,¥5777.22,课程3
【南大口腔正畸专家团队·全方位学正畸】正畸诊断分析,5人购买,北京功夫仁医网络科技有限责任公司,¥807.22,课程7
H5大前端全栈提升VIP就业班直播课（八期）,36人购买,扣丁学堂,¥4362.22,进度：4/23节
5.尼康 D7100 数码单反摄影技巧大全,48人购买,FUN视觉  雷波,¥96.22,共99节
【外研社版】六上+六下,82人购买,Jenny英语课堂,¥97.22,课程2
华为认证HCNA初级网络工程师（从零开始学网络工程师：周军）,834人购买,北京华尔思网络实验室,¥555.22,开设2个班级
JAVA涨薪突击班2020年面试Offer高并发分布式【动脑学院】,38人购买,动脑学院,¥8777.22,2020-3-8开讲
95%的面试必问的Java性能调优知识点1.14-助理微信：19974933013,5021人购买,图灵学院,¥77.22,进度：8/8节
北大版标准韩国语第二册精讲课程【小鹿韩语】,11人购买,小鹿韩语,¥377.22,共43节
【外研社版】四上+四下,36人购买,Jenny英语课堂,¥66.22,课程2
Office高级Access高级,51人购买,上海同创共展教育科技有限公司,¥39.22,课程9
JavaEE就业班（第四阶段）,507人购买,柠檬学院,¥3577.22,共17节
人教版初中英语七年级上册合集（精讲+练习+音标）,30人购买,金伟博教育,¥412.22,课程3
【动脑学院VIP】高性能分布式架构800多个互联网实战技术,1670人购买,动脑学院,¥4662.22,开设2个班级
2020给排水专业教材深度研习班,3501人购买,张工教育,¥3662.22,进度：12/69节
整体诊断（风格、色彩、脸型、体型）,47人购买,完颜形象教育,¥5162.22,共4节
UG数控编程UG编程实战就业班,8448人购买,云艺帆教育,¥8262.22,2020-2-4开讲
室内设计必修课【方案优化+SU可视化表现】,55人购买,本设教育,¥3762.22,课程4
2020软考--网络工程师下午历年真题解析视频培训课程（第三期）,591人购买,小任老师,¥577.22,共54节
【官方推荐】2019税务+实操入门,2人购买,会米课堂,¥876.22,课程24
【恩维客教育】UE4虚幻现实VIP课程,859人购买,恩维客教育,¥0162.22,进度：10/11节
产品设计C4D商业渲染班/高级产品商业渲染【卓尔谟教育】,00人购买,卓尔谟教育,¥0222.22,开设2个班级
乘风语文二轮之只为拼搏班,775人购买,晨露课堂,¥5377.22,共46节
3D建模传统游戏基础班【云普集教育】,896人购买,云普集游戏动漫学院,¥5162.22,开设4个班级
注册勘察设计土木工程师（公共基础全程班）,9人购买,上海筑智文化发展有限公司,¥366.22,课程2
闲鱼无货源VIP课程,2人购买,大娃火焱社,¥5762.22,共1节
AI CC2018零基础到实战全面精通,33人购买,云艺帆教育,¥66.22,共14节
出国旅游英语合集（出国旅游英语+新概念英语一二册）,5人购买,金伟博教育,¥5366.22,课程3
四年级导引拓展和超越,31人购买,欧阳老师的趣味课堂,¥356.22,课程2
高一化学必修二非课改寒春联报【寒假预习春季拔高班】,1人购买,张梅氢松化学,¥3962.22,课程2
电商美工实战就业班第12期,8753人购买,米你课堂,¥8622.22,进度：3/11节
高中数学必修与选修大合集【共179讲】（同步新课或预习之用）,拼团,数学微课帮,¥587.22,共29节
Python人工智能全栈开发二期【千锋教育】,93人购买,扣丁学堂,¥9622.22,共94节
【第八期直播】PS/Ai软件零基础到实训班级,888人购买,米你课堂,¥077.22,进度：4/30节
美术从业者职业规划必修课,3215人购买,原画人在线学院,¥5.22,进度：1/1节
CorelDRAW 软件系统培训课CDR软件工作实战演习,3315人购买,野马设计学院,¥122.22,开设3个班级
淘宝美工设计精英班 PS软件/海报抠图/DW代码/视觉设计,615人购买,云艺帆教育,¥7.72,共1节
高级女装制版全套深造技术--VIP一班级【艺服在线教学】,022人购买,艺服教育,¥5876.22,共43节
抖音带货短视频电商 抖音电商学院 VIP【火焱社】,3人购买,大娃火焱社,¥5762.22,共1节
人教版初中英语七年级上下册（精讲+配套练习+音标）,5人购买,金伟博教育,¥5666.22,课程5
UG12.0模具设计-分型面魔鬼训练营,560人购买,云艺帆教育,¥7.72,共11节
C语言零基础入门篇,556人购买,六星教育,¥5.22,共7节
UG模具设计快速精通教程【耀白主讲】,575人购买,云艺帆教育,¥7.72,共9节
次世代游戏模型阶段,81人购买,云普集游戏动漫学院,¥1662.22,课程2
PS淘宝美工设计：Photoshop天猫店铺装修/海报详情页/DW代码,021人购买,云艺帆教育,¥7.72,共1节
新高一数学衔接班 sugar 王梦抒,541人购买,晨露课堂,¥7.72,进度：6/6节
武百分2020执业/助理医师资格考试风湿免疫性疾病考点精讲,5752人购买,武百分教育,¥7.72,共1节
2020涉税服务实务+税法（2）,5人购买,菜子学院,¥5712.22,课程10
微信小程序零基础入门学习,5265人购买,六星教育,¥7.72,共5节
塑胶模具设计：CAD排位-UG分模-模具设计实战,887人购买,云艺帆教育,¥7.72,共1节
php-swoole多任务处理中心项目实战【六星教育】,007人购买,六星教育,¥7.72,共4节
设计师晋级班，晋级技术训练营,812人购买,将军学院,¥8762.22,开设2个班级
Proe5.0入门到精通-产品结构设计必备课程,拼团,云艺帆教育,¥5.22,共21节
武百分2020执业/助理医师习题特训班（直播回放）,3537人购买,武百分教育,¥976.22,共20节
UG模具设计DFM报告专题-实战案例讲解,543人购买,云艺帆教育,¥7.72,共10节
【VIP直播课】做抖音百万粉大号|社交电商新媒体自媒体网赚短视频,120人购买,魔贝课凡,¥3476.22,随到随学
【核心课】3Dmax室外建筑效果图建筑表现-建筑设计/渲染/PS后期,拼团,云艺帆教育,¥5.22,共7节
CAD出图（CAD1001个技巧）,900人购买,云艺帆教育,¥7.72,共4节
【精选】原画人角色公开课，大触授课限讲3节 游戏原画,025人购买,原画人在线学院,¥7.72,已结束
软件测试之python自动化测试（web自动化+app自动化+接口自动化）,8489人购买,松勤软件测试,¥1462.22,共130节
C语言零基础大神宝典,17人购买,六星教育,¥5.22,共7节
SolidWorks机械设计体验教程,拼团,云艺帆教育,¥5.22,共10节
PHP-Git零基础完全解读指南【六星教育】,367人购买,六星教育,¥5.22,共5节
【云启造价】装饰装修定额详解/定额计价解析/预算提升/套价高手,942人购买,云启造价,¥77.22,共13节
原画人大咖讲座,3842人购买,原画人在线学院,¥5.22,进度：4/4节
UG产品结构设计（图纸建模、逆向点造型、产品开发、运动仿真）,816人购买,云艺帆教育,¥7.72,共11节
新概念12册+口语合集4,2人购买,金伟博教育,¥9666.22,课程3
PS淘宝店铺装修/淘宝美工设计/PS技法/DW学习/平面设计,拼团,云艺帆教育,¥5.22,共1节
国内行业大神录播课,547人购买,原画人在线学院,¥7.72,共1节
AI CC2018零基础到精通（平面设计师必学Illustrator软件）,拼团,云艺帆教育,¥5.22,共4节
19年国考刷题10连报,0人购买,尚政公考,¥5762.22,课程11
【齐论京东VIP学习卡】2019京东运营之内容营销最新玩法,3人购买,齐论京东学院,¥8777.22,共2节
【齐论跨境/专注跨境培训】亚马逊VIP学习卡（一年）,0人购买,齐论跨境学院,¥8977.22,共1节
PS摄影后期基础强化班 为课网校,3523人购买,为课教育,¥122.22,随到随学
UG NX12.0零基础快速入门,045人购买,云艺帆教育,¥7.72,共22节
理科一轮五科：无物理,53人购买,蜜蜂优课,¥9077.22,课程6
腾讯课堂大咖分享会【云普集教育】,333人购买,云普集游戏动漫学院,¥2.77,进度：1/1节
PS各种去水印快速教程淘宝美工必学【录播】,525人购买,51RGB在线教育,¥57.72,共10节
【松勤】软件测试面试流程与真题讲解,193人购买,松勤软件测试,¥2.92,共3节
C语言零基础入门篇,5789人购买,六星教育,¥7.72,共21节
巧匠电商设计蜕变,3841人购买,巧匠课堂,¥3662.22,共9节
住宅方案设计—精英班,503人购买,室内设计联盟,¥5477.22,随到随学
ArcGIS之数字高程模型（DEM）分析下篇视频课程,397人购买,GIS思维,¥97.22,共19节
外贸SEO优化推广 Google SEO（谷歌seo） Bing必应 搜索引擎优化,5058人购买,魔贝课凡,¥8076.22,随到随学
【齐论】Shopee虾皮VIP学习卡（一年）,1人购买,齐论跨境学院,¥8977.22,共1节
新概念12册+口语合集3,2人购买,金伟博教育,¥8666.22,课程3
【双12定制】实操礼包,62人购买,菜子学院,¥55.22,课程4
2020高考物理年卡SVIP,3人购买,楠叔物理,¥3677.22,课程15
亚马逊联盟VIP套课,39人购买,百聚汇商学院,¥9762.22,课程2
【VIP】CG插画日韩风入门课（头像）板绘/上色技巧/半厚涂,895人购买,润木艺术,¥5576.22,随到随学
Rhino+GH合集打包,70人购买,Rhino3D（犀牛）原厂中国/Shaper3d,¥412.22,课程2
2020高考化学全年一二三轮联报,8人购买,蜜蜂优课,¥8762.22,课程8
阿海角色创作班套餐课,2人购买,大触来了,¥3577.22,课程2
新概念英语一二册合集,34人购买,金伟博教育,¥5566.22,课程5
2019美工+C4D进阶营⑦,506人购买,智源教育学院,¥8077.22,课程2
2020税务师三科联报D,4人购买,菜子学院,¥3702.22,课程16
女士形象班VIP课程包,548人购买,欧艾教育,¥5962.22,课程4
软件测试—自动化全栈高薪课程【动脑学院】,392人购买,动脑学院,¥1362.22,进度：37/37节
职场英语合集（职场英语+新概念英语一二册）,5人购买,金伟博教育,¥5866.22,课程3
名师系列课,4人购买,卖盟学堂,¥662.22,课程7
小程序云开发上线你的AI拍照识花小程序,5人购买,全栈开发者阿耿,¥77.22,课程2
山本教育素云VIP第九期恋爱技巧-甜蜜恋人班,882人购买,山本教育,¥5976.22,共4节
【摄影】风光摄影高手之路/钱志宏/录播/中艺,8602人购买,中艺影像,¥77.22,共20节
2020年中级会计师职称考试【中级会计经济法-精讲班】 名师授课,063人购买,瑞云学堂,¥376.22,共23节
【摄影】花卉摄影技法及荷花摄影/田红/摄影录播/中艺,8692人购买,中艺影像,¥17.22,共14节
基础法则进阶班,027人购买,品格设计课堂,¥977.22,共12节
抖音快手 赠小课,32人购买,网师学院,¥076.22,课程9
工装方案设计（平面、立面构思、CAD、3D公装）VIP课,5924人购买,佲嘉设计教育,¥3862.22,开设2个班级
AE+PR动效短视频制作,1人购买,51RGB在线教育,¥5107.22,课程3
寒假算量特训班-三层综合办公楼 【启程学院】,131人购买,启程学院,¥177.22,开设2个班级
【VIP-2年】付款链接 快速入门 教你打造高盈利店铺【齐论教育】,76人购买,齐论教育,¥4576.22,共4节
【精讲班】2020初级会计经济法基础-丹丹老师,506人购买,菜子学院,¥376.22,共6节
2020年二级建造师二建公路全科班,2人购买,教授伴学,¥882.22,课程11
Linux云计算+Python运维开发+Web渗透+持续集成+Docker+K8S,522人购买,扣丁学堂,¥4362.22,共106节
高级UI ——自定义ViewGroup与 UI性能优化,5200人购买,享学课堂,¥577.22,进度：3/3节
Git入门教程/咕泡学院【报名即赠送周边大号鼠标垫400*900】,5133人购买,咕泡教育,¥577.22,共16节
Python全栈+爬虫套餐,53人购买,马哥教育,¥9162.22,课程2
2020国考申论专项-理论构筑【尚政公考】,67人购买,尚政公考,¥5222.22,进度：10/10节
【恩维客教育】VIP室内设计效果图表现3DMAX空间表现班,0644人购买,恩维客教育,¥5762.22,开设6个班级
2020涉税服务实务+税法（1）,2人购买,菜子学院,¥5712.22,课程10
私人财富管理工具之家族信托、协议、遗嘱,1人购买,欧亚法苑（北京）文化传播有限公司,¥576.22,共13节
野马学院【色彩搭配】VIP高级实战课程,5994人购买,野马设计学院,¥5062.22,开设4个班级
【钴京电商学院】VIP学习卡  京东运营排名提升爆款打造,49人购买,陈来,¥8162.22,开设2个班级
摄影后期全能班-设计精选必学【腾讯课堂认证机构】,084人购买,涵品教育,¥3662.22,进度：1/7节
微信营销新版课程,5人购买,荣誉云商学院,¥17.22,课程7
【VIP-2年】付款链接 推广规划的战略布局【齐论】,34人购买,齐论京东学院,¥4976.22,共3节
千代手绳系统教学课程 中级提高班,70人购买,千代,¥8076.22,共147节
摄影后期风光班,880人购买,嗨森课堂,¥8162.22,进度：3/6节
【北京峰源】注册结构专业考试【导学班】2020年,5217人购买,峰源教育,¥377.22,共24节
Python儿童编程系列,3人购买,爱室丽,¥376.22,课程2
2020高考生物全年一二三轮联报,59人购买,蜜蜂优课,¥8762.22,课程9
商贸外贸英语合集,3人购买,金伟博教育,¥5892.22,课程3
C4D特训营/C4D进阶直播课/美工/平面/电商/UI/影视后期必修课,49人购买,知行一教育,¥3862.22,进度：15/26节
【VIP】板绘日漫插画【合尚教育】,09人购买,合尚教育,¥8892.22,2020-3-3开讲
系统线稿课墨非凡画坊,53人购买,邓梦菲,¥8222.22,课程16
Office 应用大师班SVIP视频教程_已经更新20000分钟【朱仕平】,998人购买,朱仕平,¥5666.22,共102节
3dmax高级建模班（CAD、照片、异形、建筑、桥梁、工业、家具）,2人购买,云艺帆教育,¥5.22,共2节
软件测试工作中常用的测试工具,77人购买,松勤软件测试,¥2.23,共3节
东北师大680心理学,3人购买,圣才电子书,¥176.22,课程4
ASP.NET-MVC网站开发【实战与技能详解】,829人购买,喜科堂互联教育,¥386.22,共19节
2019年中级会计实务精讲班,3406人购买,菜子学院,¥976.22,共23节
测试工程师加分工具-Jenkins,535人购买,松勤软件测试,¥2.23,共2节
Proe/Creo产品设计-早教机器人建模曲面全结构设计,17人购买,云艺帆教育,¥7.72,共11节
一节课讲解小程序测试思维,74人购买,松勤软件测试,¥2.23,共1节
上色系统课课程15期,588人购买,邓梦菲,¥3222.22,共9节
Proe/Creo产品设计-手机保护套建模曲面全结构设计,94人购买,云艺帆教育,¥7.72,共9节
【巨皇】拼多多开店教程拼多多商家企业店铺入驻流程,0人购买,巨皇教育,¥2.23,共1节
自考线性代数精品组合（2020年4月）,0人购买,刘老师“慢”数学课堂,¥877.22,课程2
Java权威零基础入门-精品demo案例【渡一教育】,1462人购买,渡一教育,¥777.22,共13节
【巨皇】拼多多开店发布商品如何设置商品规格与库存,3人购买,巨皇教育,¥2.11,共1节
五金模具设计(Presscad+UG),519人购买,云艺帆教育,¥7.72,共1节
前端权威0基础入门 + Web百大项目案例,限时,渡一教育,¥5.22,共10节
UG数控编程【青木主讲】,拼团,云艺帆教育,¥5.22,共13节
Redis突击训练之入门到超神【六星教育】,894人购买,六星教育,¥577.22,进度：3/3节
PHP全栈工程师体验班【六星教育】,366人购买,六星教育,¥5.22,共12节
5天小白淘宝客训练营【卓让联盟】,551人购买,卓让教育,¥77.22,共6节
Creo/Proe产品设计-除螨仪建模曲面/产品结构设计/曲面造型,1人购买,云艺帆教育,¥7.72,共7节
软件测试职业规划/简历编写/真题讲解,510人购买,松勤软件测试,¥2.23,共9节
Creo/Proe产品设计-空气净化器建模曲面/产品结构设计/曲面造型,拼团,云艺帆教育,¥5.22,共7节
【火焱社】淘宝运营之简单粗暴直通车轮回新玩法,2人购买,大娃火焱社,¥77.22,共2节
UG NX1847零基础入门精通（草图/实体曲面建模/装配/工程图）,54人购买,云艺帆教育,¥7.72,共10节
软件成熟度模型,2人购买,松勤软件测试,¥3.22,共1节
2020软考-信息系统项目管理师-基础知识(上) 新版教程,865人购买,小任老师,¥577.22,共33节
C4D零基础全面精通（入门+材质+渲染）,0人购买,云艺帆教育,¥5.22,共10节
【火焱社】淘宝运营之手淘首页新趋势精准标签引爆百万流量,2人购买,大娃火焱社,¥77.22,共2节
原画人概念设计分析课,65人购买,原画人在线学院,¥2.23,共1节
sketchup2018草图大师快速入门,3人购买,云艺帆教育,¥5.22,共16节
2020年初级精英续航班,651人购买,菜子学院,¥5562.22,课程6
全栈+爬虫+数据+AI,42人购买,马哥教育,¥6622.22,课程4
C4D/UI/电商/平面/ 海报商业案例教学,343人购买,云艺帆教育,¥7.72,共2节
【巨皇】拼多多店铺售后服务指标,2人购买,巨皇教育,¥2.56,共1节
电商美工实战班-设计精选必学【腾讯课堂认证机构】,5497人购买,涵品教育,¥3662.22,共18节
【巨皇】拼多多新手开店教程拼多多店铺店铺DSR指标,0人购买,巨皇教育,¥2.56,共1节
CCNA直播课 Cisco思科认证网络工程师,5338人购买,SPOTO思博网络,¥877.22,共14节
【巨皇】拼多多新手开店教程拼多多店铺客服服务指标,2人购买,巨皇教育,¥2.56,共1节
【动画班】3dmax建筑动画/建筑漫游/生长动画/淘宝动画/ae/pr,3人购买,云艺帆教育,¥5.22,共1节
【冀教版】三上+三下,54人购买,Jenny英语课堂,¥07.22,课程2
Solidworks2018零基础快速入门,9人购买,云艺帆教育,¥5.22,共8节
PS AE C4D 栏包 第16期,2人购买,木客教育,¥9622.22,课程7
【巨皇】拼多多新手开店教程拼多多店铺物流服务指标,5人购买,巨皇教育,¥2.56,共1节
Python数据分析AI套餐,55人购买,马哥教育,¥1362.22,课程4
【巨皇】拼多多新手开店拼多多店铺如何设置子账号,2人购买,巨皇教育,¥2.16,共1节
Creo6.0快速入门-草图-建模零基础全面精通,8人购买,云艺帆教育,¥5.22,共17节
2019淘宝运营之0基础新手卖家必学的实操技巧,2人购买,大娃火焱社,¥77.22,共2节
【齐论】91%的新手卖家不知道的电商盈利真相,542人购买,齐论教育,¥2.77,共2节
新概念一二册录播合集,2人购买,金伟博教育,¥5776.22,课程5
Zbrush零基础案例教程【云普集教育】,39人购买,云普集游戏动漫学院,¥2.77,共10节
【NEXT学院】uni-app商业级应用实战 一次搞定小程序/安卓/iOS/H5,469人购买,腾讯课堂NEXT学院,¥077.22,共18节
Maya建模零基础教程【云普集教育】,35人购买,云普集游戏动漫学院,¥2.77,共5节
五金模具设计：PRESSCAD-UG模具设计体验课堂,577人购买,云艺帆教育,¥7.72,共1节
2020二级建造师机电工程管理与实务教材精讲班【云峰网校】,1人购买,云峰网校,¥022.22,进度：7/26节
3Dmax2014零基础教程,拼团,云艺帆教育,¥5.22,共10节
高等数学 (下),624人购买,徐小湛,¥09.22,共109节
【精讲班】2020初级会计实务-以澜老师,506人购买,菜子学院,¥376.22,共9节
PPT入门到超神全能设计班【BIGPPT高级精品课】,400人购买,BIGD大梦想远程培训,¥366.22,共6节
JavaVIP体验课-Dubbo源码分析【六星教育】,522人购买,六星教育,¥5.22,共1节
【巨皇】拼多多新手开店教程拼多多店铺后台介绍,2人购买,巨皇教育,¥5.62,共1节
代码小白也能学会的python接口自动化测试,518人购买,松勤软件测试,¥2.23,共5节
移动全栈android+ios企业级项目实战swift/java/xcode,5人购买,爱学啊,¥8977.22,课程2
3Dmax高级建模实战（空间、家具、软包、异型、楼梯）,5人购买,云艺帆教育,¥5.22,共3节
【巨皇】拼多多新手开店教程拼多多店铺经营如何对账,2人购买,巨皇教育,¥2.52,共1节
CoreIDraw 2018 零基础到精通（平面设计师必学CDR软件）,3人购买,云艺帆教育,¥5.22,共5节
野马学院【印刷/版式设计】VIP高级实战课程,5858人购买,野马设计学院,¥3062.22,开设3个班级
【安装课】3Dmax室外建筑效果图建筑表现建筑设计渲染PS后期,51人购买,云艺帆教育,¥5.22,共3节
玩转厚涂薄涂进阶班,2人购买,绘梦CG学院,¥9922.22,课程2
3DMAX室外高级建模/零基础学习/照片建模/异形建模,3人购买,云艺帆教育,¥5.22,共1节
2020恋词六级全程班,4人购买,朱伟·韦林文化传播有限公司,¥577.22,共2节
平面版式设计特战营,094人购买,云艺帆教育,¥5122.22,共10节
【巨皇】拼多多店铺发布商品如何设置服务与承诺,2人购买,巨皇教育,¥2.11,共1节
室内效果图表现实战（3Dsmax、VR、材质、灯光、后期）,2人购买,云艺帆教育,¥5.22,共2节
2020高考数物一轮联报,3人购买,晨露课堂,¥3077.22,课程5
模设计对模具CNC编程的重要性 以CNC编程角度讲解模具设计,03人购买,云艺帆教育,¥7.72,共6节
access 2010 实例操作,34人购买,安为霞,¥93.22,课程3
【巨皇】拼多多新手教程拼多多开店保证金如何设置,5人购买,巨皇教育,¥2.29,共1节
新概念12册+口语合集2,2人购买,金伟博教育,¥1776.22,课程5
AutoCAD2007至2020软件安装激活详细视频教程,582人购买,云艺帆教育,¥2.23,共16节
婚礼摄影：让照片记录独一无二的爱情故事,058人购买,蜂鸟摄影微课堂,¥577.22,共7节
电商美工实战,85人购买,云艺帆教育,¥7.72,共1节
坦克大战+java架构师,834人购买,马士兵老师,¥53062,课程6
高级建模+建筑表现,95人购买,艺点点教育,¥0012.22,课程7
CoreIDraw X8零基础到精通（平面设计师必学CDR软件）,9人购买,云艺帆教育,¥5.22,共2节
【巨皇】拼多多店铺发布商品如何填写商品基本信息2,5人购买,巨皇教育,¥2.66,共1节
3DMAX写实渲染实战班（VIP）13期年前就业精英班,8262人购买,云学贝教育,¥3522.22,随到随学
电商设计手绘课程-0基础学手绘,5910人购买,巧匠课堂,¥3662.22,2020-2-24开讲
【打卡入门课】素描基础/几何体/静物/美术/绘画/结构/透视,92人购买,润木艺术,¥87.22,进度：10/10节
Solidworks机械零件钣金设计(展开折弯工程图装配动画仿真),5人购买,云艺帆教育,¥5.22,共17节
