课程名称,价格,报名人数,课程进度,课程机构
【博为峰】软件测试国际权威认证ISTQB2018版考纲培训免费咨询,0.0,587,共5节,博为峰网校在线教育
Web安全工程师之攻防实验室搭建,0.0,55,共1节,拼客学院
Web前端开发(HTML/CSS/javaScript/Vue/React/Node),0.0,605,共30节,六星教育
Python零基础快速就业到高级工程师/网络爬虫/人工智能/商业项目,0.0,22,共45节,六星云课堂
并发编程之AQS底层源码分析【鲁班学院】,0.0,558,共3节,鲁班学院
【柠檬班】软件测试自学/面试/接口/压力/自动化/性能/入门到精通,0.0,3222,共42节,柠檬班
python基础教程-马哥7天共学Python入门基础课程,0.0,122,共7节,马哥教育
CCNA安全思科网络工程师,0.0,46,进度：7/7节,太阁IT认证中心
json-Python自动化测试-项目实战-/测试开发/接口/性能【学神IT】,1462.22,31,进度：1/25节,学神IT教育
java自动化测试入门,2.23,3501,共9节,柠檬班
Java响应式编程【马士兵教育】,0.0,309,共1节,马士兵老师
全面详解并实操SoapUI接口测试实战课程【柠檬班】,2.23,569,共13节,柠檬班
Spring Cloud微服务实战,66.22,920,共25节,享学课堂
postman接口测试实战从入门到精通软件精品课【柠檬班】,2.23,168,共10节,柠檬班
PHP7进阶到架构-Laravel/Redis/Swoole/高并发分布式【六星教育】,0.0,5766,进度：13/22节,六星教育
2020权威「HTML+CSS」零基础入门精英课,0.0,5968,共10节,渡一教育
【速成班】自媒体短视频赚钱|抖音Vlog今日头条号大鱼企鹅百家号,0.0,5951,共8节,泛学苑自媒体
2020年软考系统集成项目管理工程师--基础知识 精讲免费视频,0.0,383,共10节,小任老师
Jmeter高级性能测试项目实战(赠送Loadrunner视频）,8762.22,72,随到随学,松勤软件测试
Java日志框架-SLF4J入门,0.0,310,共1节,马士兵老师
高薪就业+云架构师课,6122.22,50,课程2,学神IT教育
自媒体运营|新媒体运营|微信公众号大鱼号百家号企鹅号今日头条号,0.0,5,共4节,微客教育
CRMEB门店设置与核销,0.0,535,共1节,鲁冬明
Python自动化开发实战课程(基础篇)-【马哥教育】,0.0,24,共75节,马哥教育
2019最新版从零开始学MT4平台MQL4语言编程第2阶段,0.0,82,共4节,漆学军
Mysql底层原理与性能调优【图灵学院】,0.0,40,共4节,图灵学院
C#/.Net/架构师/分布式/跨平台/微服务/系统架构/底层原理/框架,0.0,5325,共74节,朝夕教育
.NET/C#架构师/高级开发/Core/微服务/分布式/高并发【软谋教育】,0.0,5072,共3节,软谋教育
C#/.NET上位机软件开发VIP体验课【资料获取加QQ：995551858】,0.0,893,共28节,喜科堂互联教育
深入讲解spring aop原理、源码分析【鲁班学院】,0.0,534,共3节,鲁班学院
Java零基础入门到精通--上[历史 运算符 语法结构 数组 面向对象],0.0,3060,共16节,渡一教育
C/C++ 零基到大神精讲(C++17最新标准/游戏编程/项目实战),0.0,5490,共16节,易道云学院
SpringIOC底层源码解析【鲁班学院】,0.0,825,共7节,鲁班学院
【NEXT学院】人人都会微信小程序,0.72,53,共6节,腾讯课堂NEXT学院
2020软考--网络工程师-免费视频课程,0.0,353,共15节,小任老师
web前端开发之React.js入门到进阶【金渡教育】,0.0,8,共2节,金渡教育
2020软考-信息系统项目管理师-免费视频课,0.0,354,共10节,小任老师
Java高级架构师进阶课程【六星教育】,4662.22,83,开设2个班级,六星教育
C#/.NET大数据高并发架构设计/.NET构架师【软谋教育】,0.0,332,共11节,软谋教育
Web前端开发之JavaScript(Js)精英课堂,0.0,8987,共42节,渡一教育
C语言/C++语言/数据结构算法/MFC/QT【六星教育】,0.0,778,共19节,杰越学院
软件测试从小白到高手全程班【柠檬班】第67期,4162.22,813,随到随学,柠檬班
【Atstudy】软件测试/性能/接口/压力/自动化测试 从入门到精通,0.0,449,共21节,博为峰网校在线教育
软件设计师-免费课程,0.0,89,共6节,倪奕文
CRMEB小程序分包处理,0.0,18,共1节,鲁冬明
高薪就业+云架构师课,6122.22,52,课程2,学神 IT 教育
.NET工控上位机实战系列课程【资料获取加QQ995551857】,0.0,575,共13节,喜科堂互联教育
千锋html5经典入门视频教程：基础知识点讲解,0.0,43,共4节,扣丁学堂
Linux云计算架构班【包含集群+Jenkins+K8S+OpenStack+Python】,7362.22,71,2020-4-1开讲,新盟教育
Flowable modeler设计器集成,0.0,8,共5节,分享牛
JVM GC调优 预习课,0.0,88,共1节,马士兵老师
Linux云计算架构师进阶班-Docker-K8s-Devops-Openstack-1对1辅导,1772.22,88,进度：1/43节,学神 IT 教育
抖音上热门|抖音好物推荐|短视频制作|抖商引流赚钱,0.0,1418,共3节,微客教育
MATLAB中的正则表达式应用,0.0,58,共1节,孙忠潇
【松勤】软件测试0基础到项目实战系统学习全栈班,4162.22,5264,共149节,松勤软件测试
Java互联网架构师之设计模式精讲,0.0,963,共11节,图灵学院
"任鸟飞逆向之辅助,脚本,内存,封包,外挂与反外挂基础免费版",0.0,592,共24节,飞郁网络培训
性能优化特训营,772.22,5335,进度：3/5节,六星教育
spring boot原理解析【鲁班学院】,0.0,446,共4节,鲁班学院
165天逆袭web前端高级开发工程师 JS/React/VueJS/NodeJS框架实战,0.0,8524,共69节,职坐标
java全栈自动化第7-17期（web自动化＋接口自动化+app自动化）,1822.22,469,开设9个班级,柠檬班
VR室内设计/交互式全景/用3dmax、UE4创造照片级室内设计效果图,0.0,526,共24节,丁树凯
短视频自媒体|新媒体赚钱揭秘，头条号|抖音|百家企鹅号趣头条,0.0,5750,共9节,泛学苑自媒体
学神Linux高薪运维云计算全程班/全程直播/终身学习/一对一辅导,1742.22,888,进度：28/62节,学神IT教育
我要学产品-90天产品经理实战班,0.0,750,共3节,起点学院
Python编程入门到进阶/爬虫/数据分析/人工智能,0.0,5219,共16节,灵犀教育
Linux入门到服务器架构师,6312.22,5,课程2,零声学院
RabbitMQ消息中间件实战【每特教育】,7.72,658,共11节,每特教育
Flutter女装商城实战(学习版),0.0,822,共38节,亢少军
【NEXT学位 x IMWeb】Web前端从小白到大师进阶课程,9877.22,539,共117节,腾讯课堂NEXT学院
【柠檬班】软件测试Python/Java接口/App/RF自动化测试/测试开发,0.0,58,共21节,柠檬班
CISSP认证学习公开课,0.0,7,共1节,铭学在线课堂
HTML5前端+全栈从基础到就业班,5776.22,35,课程43,黄埔课堂
分库分表-AOP高阶应用【图灵学院】,0.0,555,共4节,图灵学院
Web安全/kali/黑客信息安全/网络安全/渗透/linux/编程语言/架构,0.0,5733,共22节,掌控安全学院
python自动化+Py全栈+爬虫+Ai=python全能工程师-挑战年薪30万,4362.22,5281,随到随学,马哥教育
SpringMVC+Spring+MyBatis框架整合SSM整合[IntelliJ IDEA/MySQL],0.0,573,共1节,鸟哥教育
面向对象C#零基础入门精讲（1）C#开发入门,52.22,60,共7节,徐照兴
Python 自动化测试开发系统进阶课程_霍格沃兹测试学院,1422.22,617,随到随学,霍格沃兹测试学院
(小码哥)经典编程语言：Swift编程入门,0.0,533,共1节,小码哥教育
软件测试管理层人才Leader精英班【乐搏学院】,776.22,10,进度：6/14节,乐搏技术学院
Java小白如何逆袭50万年薪技术大咖,0.0,76,共10节,小码哥教育
【免费试学】自媒体短视频赚钱|头条号|抖音电商网赚|网络营销,0.0,60,共2节,泛学苑自媒体
移动端高级 | 移动端开发深度揭秘【妙味课堂】,0.0,51,共14节,妙味课堂
web全栈开发-企业级开发专题【六星教育】,9662.22,89,进度：12/25节,六星教育
graceUI  - 微信小程序UI框架、uni-app UI框架 使用教程,0.0,508,共7节,hcoder 刘海君
网络营销|网赚抖音电商|Vlog短视频|赚钱营销淘宝客引流网络推广,0.0,5,共2节,微客教育
马哥Linux高端运维云计算就业班-教学总监老王主讲,9162.22,5506,共41节,马哥教育
SPOTO专注思科认证培训16年，资深专家带你玩转CCNA/CCNP/CCIE,0.0,443,共47节,SPOTO思博网络
ASP.NET就业实例教程（1）ASP.NET基础入门搭建网站开发环境,52.22,597,共8节,徐照兴
【严选课程】Java互联网架构师系统进阶课程（VIP） 【享学课堂】,4662.22,9345,进度：24/31节,享学课堂
WordPress仿站实例教程,0.0,83,共29节,曲靖乾动网络科技有限公司
Vue前后端分离架构技术【免费学习】,0.0,554,共11节,每特教育
【阶段一】前端全栈工程师精英班,4662.22,64,随到随学,京程一灯
Web前端0到架构师①HTML+CSS+JS基础,0.0,914,共47节,小码哥教育
全网最强JVM类加载器机制讲解,0.0,305,共6节,图灵学院
软考软件设计师套餐,60.22,89,课程3,小任老师
【智能社】ES6精讲―ECMAscript6精通系列（基础篇）,2.52,5502,共6节,【智能社】在线课堂
简明JDBC教程,0.0,587,共5节,马士兵老师
python全栈自动化测试工程师第12-27期【柠檬班VIP】,1462.22,5799,随到随学,柠檬班
Java架构技术/微服务技术/互联网技术/架构师公开课【每特教育】,0.0,892,共4节,每特教育
异步处理――不刷新页面请求数据,0.0,57,共7节,徐照兴
周哥教IT.逆向基础课包,576.22,2,课程20,周哥教IT
微信小程序商城15天从零实战课程（学习版）,0.0,57,共12节,黄菊华
VueCli3全新小白入门教程(基础+实战+vue+fetch+axios+米斯特吴),0.0,998,共32节,米修在线
软件测试从小白到高手全程班【柠檬班】第66-60期,4162.22,163,随到随学,柠檬班
微信小程序框架的制作,0.0,381,共2节,黄菊华
软件测试之python自动化测试2(web自动化+app自动化+接口自动化）,1462.22,5122,随到随学,松勤软件测试
微信小程序、零基础入门、基础语法讲解,0.0,13,共9节,黄菊华
Android移动互联网架构开发,0.0,5403,共20节,享学课堂
.NET Core从入门到高级进阶【软谋教育】,0.0,849,共2节,软谋教育
【智能社】精通vue.js开发-第二期,5976.22,1,课程2,【智能社】在线课堂
Java架构师技术栈/微服务/分布式/高并发/性能优化【六星教育】,0.0,19,共14节,六星教育
JAVA架构师精品课 企业级架构/分布式/高并发/微服务【图灵学院】,0.0,144,共40节,图灵学院
SEO+大咖系列课程包,8777.22,391,课程11,魔贝课凡
JAVA高级开发 架构师课程（高并发 高可用 高扩展）,0.0,3731,共30节,享学课堂
"Java架构师,Java高级|只为培养互联网java架构师【咕泡教育】",0.0,4908,共16节,咕泡教育
【NEXT学位 x IMWeb】Web前端从小白到大师基础课程,3777.22,75,共105节,腾讯课堂NEXT学院
C#/.NET全栈/Core/BS/CS/上位机/WPF/WCF【喜科堂】,0.0,872,共30节,喜科堂互联教育
Python基础编程/爬虫/AI人工智能/数据分析/机器学习【六星教育】,0.0,3441,进度：6/16节,六星教育
Web前端开发高级进阶班【软谋教育】,9077.22,3096,开设2个班级,软谋教育
PHP7开发/web前端/MySQL/THINKPHP/YII2/TP5框架【六星教育】,0.0,5525,进度：28/66节,六星教育
Kali安全渗透+Web白帽子高级工程师+黑客攻防-腾讯课堂认证课程,0.0,629,共19节,学神IT教育
JavaEE高级/javaweb/数据库/ssm框架/maven/linux,8777.22,2,共56节,拓薪教育
MK-Linux高级运维 大师级课程 云计算 mysql数据库 centos7,0.0,163,共25节,学神IT教育
JAVA实战班体验课【软谋教育】,5.22,89,进度：1/1节,软谋教育
iOS 中高级训练营V7.0,6662.22,32,课程5,逻辑教育
【VIP限时体验】50W年薪Java高并发分布式架构课【动脑学院】,0.0,5777,共31节,动脑学院
Python/爬虫/人工智能/TensorFlow/机器学习/Django/图像识别,0.0,5532,共16节,软谋教育
U-Boot和系统移植套餐,829.22,37,课程20,朱有鹏物联网大讲堂
C#/.NET核心语法精讲【软谋教育】,0.0,318,共6节,软谋教育
做抖音电商|抖音短视频PR+AE|网络营销新媒体自媒体淘宝客快手,0.0,755,共6节,魔贝课凡
中高级测试开发「名企定向培养」班-霍格沃兹测试学院,52222.0,831,共47节,霍格沃兹测试学院
项目经理带你-零基础学习C++【奇牛学院】,0.0,5546,共35节,奇牛学院
C#/.Net开发进阶【高级编程/框架进阶/设计优化】,0.0,317,共27节,朝夕教育
前端主管培养计划,9662.22,8,课程5,丰橙学院
ES6标准入门与实战教程,0.0,382,共2节,软谋教育
【VIP限时体验】Android安卓架构跨平台NDK大移动端【动脑学院】,0.0,919,进度：32/36节,动脑学院
网络安全/服务安全/代码安全/渗透测试【千锋教育】,4362.22,36,共82节,扣丁学堂
EF+MVC从入门到实战开发【软谋教育】,0.0,63,共1节,软谋教育
C/C++入门到精通企业级项目实战,0.0,545,共15节,六星教育
【图灵VIP专属课堂】JAVA互联网架构师专题/分布式/高并发/微服务,4662.22,1288,开设2个班级,图灵学院
WOLF实验室CCNA全套经典课程-为零基础、初学者量身打造,0.0,548,共39节,沃尔夫CCIE实验室
Java开发/大数据/微服务/SpringBoot/SSM框架/mysql数据库/分布式,0.0,867,共63节,灵犀教育
软件测试-零基础全栈就业班-【乐搏学院23-31期】,4162.22,897,随到随学,乐搏技术学院
JAVA互联网进阶架构师体验课_成就更有价值的你#【烛光学院】,0.0,5022,共43节,烛光学院
抖音快手短视频|电商引流带货|自媒体运营涨粉赚钱|淘宝客网赚,0.0,134,共4节,泛学苑抖音短视频
TWeb2019线上票（含录播）,577.22,889,课程4,TWeb Conf
不止于就业前端技术|JavaScript底层核心|组件化开发|JS|Vue|Node,0.0,949,共28节,妙思维JS++
Java零基础入门到精通（Spring/Mybatis/数据库/多线程/MVC）,0.0,902,共50节,灵犀教育
JavaVIP-Redis突击训练之入门到疯魔,77.22,10,开设2个班级,六星教育
【精品】抖音快手Vlog引流吸粉自媒体|新媒体赚钱|大鱼号百家号,0.0,393,共2节,榕意新媒体学院
C/C++零基础到精通项目实战,0.0,5049,共95节,顿开教育
泛学苑自媒体新媒体短视频撸收益第八期VIP内容创作全方位进阶班,8576.22,15,共22节,泛学苑自媒体
【免费试听】自媒体|新媒体运营 头条抖音Vlog大鱼百家企鹅号爆文,0.0,978,共5节,榕意新媒体学院
Java架构师VIP课程,4962.22,8320,开设2个班级,鲁班学院
【推荐】新媒体|自媒体|Vlog抖音快手头条大鱼百家企鹅爆文引流,0.0,334,共3节,榕意新媒体学院
Java架构/大数据/Hadoop/Flink/Spark/Python/机器学习【大讲台】,0.0,121,共4节,大讲台
Kali渗透全方位实战/黑客/linux/网络安全/攻防/漏洞挖掘,0.0,103,共5节,掌控安全学院
VIP课程+大咖系列课,8777.22,381,课程10,魔贝课凡
Web前端高级进阶必备之Vue.js全家桶【软谋教育】,0.0,943,共2节,软谋教育
抖音教程新媒体营销短视频运营实战技巧,0.0,836,共1节,山本教育
java高级阶段（阶段三）,5677.22,402,共73节,拓薪教育
LayaAir2.0全栈开发,0.0,591,共11节,博毅创为大学堂
抖音快手Vlog|引流吸粉|自媒体|新媒体赚钱|大鱼号百家号头条号,0.0,45,共2节,榕意新媒体学院
软件测试-Python自动化提升班【乐搏学院Web/APP/接口自动化】,1462.22,582,开设4个班级,乐搏技术学院
原生js贪吃蛇游戏实战开发【渡一教育】,0.0,821,共1节,渡一教育
"JVM面试专题分享,Jvm调优java高级,Java架构师进阶【咕泡学院】",0.0,379,共1节,咕泡教育
Java分布式电影预告小程序后台实战项目【鲁班学院】,5362.22,11,共21节,鲁班学院
2020年 HTML+CSS 零基础权威入学宝典,0.0,5534,共11节,渡一教育
分布式架构-Redis高并发分布式锁,0.0,370,共5节,图灵学院
软件测试―零基础全程就业课程【动脑学院】,4562.22,5307,进度：16/16节,动脑学院
"Spring核心原理剖析,手写Spring,Java架构师进阶【咕泡学院】",0.0,1,共1节,咕泡教育
Java架构师培养计划-Level one,8177.22,391,随到随学,渡一教育
人工智能商业实战AI深度学习/机器学习/Python/大数据_咕泡教育,0.0,160,共10节,咕泡教育
10年经验 康sir - 8天学会实战型CCNA课程/CCNP/CCIE,0.0,164,共36节,新盟教育
马士兵/java/python/AI/从零到年薪百万,0.0,1688,共23节,马士兵老师
.NET高级开发VIP班,9077.22,9866,随到随学,软谋教育
Python核心编程基础,0.0,20,共12节,逻辑教育
大数据Hadoop离线/实时数据处理机器学习Flink/Spark/Storm_咕泡,0.0,4,共29节,咕泡教育
Python全栈开发,4662.22,2,课程2,六星云课堂
突破年薪40W#Python入门到实战【咕泡教育】,0.0,5992,共31节,咕泡教育
MySQL读写分离,0.0,316,共6节,图灵学院
python高级软件测试开发第1-3期【柠檬班VIP】,53622.0,550,开设3个班级,柠檬班
HTML+CSS Web前端开发工程师快速入门必备课程【咕泡】,0.0,399,共11节,咕泡教育
Web前端入学宝典【渡一教育】,0.0,871,共29节,渡一教育
【NEXT学院】Vue从入门到实战,5977.22,552,共38节,腾讯课堂NEXT学院
python开发入门与职业进阶,0.0,8842,共39节,逻辑教育
Redis使用精髓-微博与微信如何用Redis巧妙构建,0.0,377,共6节,图灵学院
SEO+谷歌SEO套餐课,9777.22,51,课程12,魔贝课凡
Python人工智能精选集,0.0,563,共8节,软谋教育
华为认证HCNA/HCIA网络技术零基础教程（全套技术+实战+案例）,0.0,360,共18节,新盟教育
就业+Vue技术助力计划,1762.22,5,课程2,妙思维JS++
json-Python自动化运维开发-Openstack/Ansible/docker【学神IT】,0.0,833,共19节,学神IT教育
799预定两门课程,477.22,5,课程2,柠檬班
json-Python自动化测试-项目实战-自动化测试/测试开发/接口/性能,0.0,50,共8节,学神IT教育
web前端学习之Javascript/js零基础到经典实战【软谋教育】,0.0,505,共4节,软谋教育
RHCA-RHCE认证考试+红帽官方授权+Linux架构师【学神IT】,0.0,371,共20节,学神IT教育
SEO+SEM套餐课程,9777.22,1,课程12,魔贝课凡
"Tomcat源码剖析分布式架构性能优化Tomcat,Java架构师_咕泡学院",0.0,504,共1节,咕泡教育
Zookeeper集群原理【图灵学院】,0.0,306,共5节,图灵学院
4周文案训练营，快速掌握10年职业文案人的私家绝活（第18期）,177.22,5202,共50节,起点学院
iOS中高级底层探究,0.0,554,共1节,逻辑教育
原生JS扫雷游戏实战开发【渡一教育】,0.0,342,共1节,渡一教育
就业+NodeJS助力计划,4762.22,2,课程3,妙思维JS++
【柠檬班】软件测试常用工具,0.0,72,共6节,柠檬班
Spring MVC源码剖析【图灵学院】,0.0,336,共6节,图灵学院
Java分布式互联网架构/微服务/高性能/springboot/springcloud,8777.22,32,共103节,拓薪教育
性能调优专题-Java虚拟机性能调优与底层原理分析,0.0,354,共6节,图灵学院
安卓逆向与手游辅助逆向实战开发,0.0,816,共35节,易锦教育
全网最全最细的Jmeter接口测试压力课程实战，没有之一【柠檬班】,37.22,3342,共113节,柠檬班
SEM百度竞价培训|网络营销推广教程|360UC神马搜狗搜索引擎推广课,0.0,578,共13节,魔贝课凡
kali渗透测试/web安全/白帽子黑客/网络安全/无线安全/入侵防御/,0.0,381,共7节,领航者教育
Java高级软件测试开发第1-2期【柠檬班】,53622.0,12,开设2个班级,柠檬班
Linux运维教程之SSHd服（上）,0.0,36,共5节,新盟教育
Go语言Golang入门至高级/micro/channel/goroutine/PHP区块链咕泡,0.0,551,进度：3/3节,咕泡教育
【动脑学院VIP】50W年薪安卓Android架构性能优化UI/NDK/Flutter,1662.22,9312,进度：114/125节,动脑学院
深入理解内存模型与多线程结果-jvm模型,0.0,545,共7节,图灵学院
华为HCNA/HCIA网络工程师全套实战教程（零基础小白入门到精通）,0.0,556,共13节,新盟教育
Java分布式互联网架构/微服务/高性能/springboot/springcloud,8777.22,542,共67节,拓薪教育
分布式专题-亿级流量商品详情静态化与多级缓存实战【图灵学院】,0.0,500,共6节,图灵学院
赵越人工智能AI开发课(Python+PyCharm+PyTorch),0.0,6,共10节,智德金智能交易学院
Axure原型实战班（系统学习最新的Axure9.0，已有5000+同学学习）,77.22,9,共87节,起点学院
木泉boss-Linux高级架构师 挑战30W年薪 运维/集群/云计算,0.0,5320,共33节,新盟教育
Web前端高级 html5/css3/javascript/vue/react/node/es6/webpack,0.0,20,共2节,软谋教育
Java基础入门阶段（javase教程，零基础java入门教程）（阶段一）,177.22,455,共212节,拓薪教育
0基础文案体验营――3天打开文案思维，提升工作表现,0.0,817,共3节,起点学院
闫辉  创新思科华为双厂商网络基础融合课程CCNA+HCNA=XCNA,0.0,591,共26节,太阁IT认证中心
信息系统项目管理师-应试宝典,476.22,2,课程5,清哥好课堂
Java零基础入门到精通/JavaWEB开发/Java全栈开发【六星教育】,0.0,867,共36节,六星教育
闫辉 HCIA+CCNA网络工程师入门篇,0.0,111,共25节,太阁IT认证中心
剑指Offer-ACM大牛带你玩转数据结构与算法,5772.22,717,进度：24/24节,图灵学院
【松勤】软件测试从基础到高级全栈课程,0.0,426,共17节,松勤软件测试
六IE认证专家 闫辉 教你真正的CCNA全套课程/CCNP/CCIE,0.0,128,共29节,太阁IT认证中心
Java架构师之源码分析专题系列教程,3762.22,2,课程24,猿课教育
松勤Python自动化测试（测试开发）全栈课程-试听课,0.0,35,共10节,松勤软件测试
年薪“50W+”高薪就业班,51662.0,2,课程8,享学课堂
Jmeter性能测试实战（试听课）,0.0,809,共6节,松勤软件测试
C/C++入门到精通实战,0.0,341,共66节,六星教育
超级小白编程入门,0.0,48,共1节,马士兵老师
Python爬虫+数据分析高薪班,8977.22,6,课程3,青灯教育
CCNA网络精品课之交换机基础原理,0.0,14,共1节,新盟教育
IT行业职业发展之路,0.0,63,共2节,渡一教育
Java企业级就业在线培训班,9177.22,921,随到随学,拓薪教育
HOOK原理解析,0.0,11,共7节,逻辑教育
并发编程核心框架AQS之独占锁原理详解【图灵学院】,0.0,553,共5节,图灵学院
2020软考--系统集成项目管理工程师-基础知识(上) 视频课程,577.22,163,共29节,小任老师
软件测试之常用bug管理系统【柠檬班】,0.0,4,共2节,柠檬班
Web前端高级之javascript/js进阶实战【软谋教育】,0.0,14,共2节,软谋教育
真正的Java高级工程师实战课程,3762.22,556,课程30,黄埔课堂
软件测试Python/性能/接口/安全/自动化软件测试零到精通【咕泡】,0.0,95,共21节,咕泡教育
C#/.Net从入门到实战(MVC/Winform/Sql/WPF/Ado.Net/WCF/零基础),0.0,71,共40节,软谋教育
ELK+SpringCloud,92.12,1,课程2,小D课堂
Python基础编程/高级开发/全栈开发/爬虫/数据分析【青灯教育】,0.0,3246,进度：10/12节,青灯教育
Spring Cloud微服务实战直播答疑,0.0,17,共1节,享学课堂
抖音快手 赠小课,76.22,32,课程9,网师学院
双十一电商秒杀系统性能优化实战,0.0,552,共5节,图灵学院
杨哥Linux云计算系列④：自动化运维CobblerSaltstack Ansible,577.22,55,共7节,扣丁学堂
区块链 - 比特币挖矿是怎么回事？,0.0,49,共5节,图灵学院
马哥教育2020Python运维自动化高级进阶班,7622.22,7,共24节,马哥教育
Alibaba双十一万亿级消息中间件RocketMQ实战,0.0,535,共6节,图灵学院
HuaWei R-S,0.0,30,共14节,新盟教育
基于docker构建MySQL集群,0.0,582,共4节,图灵学院
小闫Sir带你学习HCIA、HCIP、HCIE直通车课程,0.0,545,共11节,太阁IT认证中心
软件测试-零基础全栈就业班-【乐搏学院27-35期】,4162.22,522,随到随学,乐搏技术学院
超值赠送课：高级产品经理教你做好项目管理工作,0.0,547,共3节,起点学院
Kali安全渗透+Web白帽子高级工程师+黑客攻防-腾讯课堂认证课程,1872.22,389,共24节,学神IT教育
技术转产品，技术思维是阻力还是助力？,0.0,587,共1节,起点学院
Web前端全栈HTML5+大神之路,9322.22,322,随到随学,扣丁学堂
Axure大作战-产品新人的原型学习营,0.0,332,共4节,起点学院
2020软考--网络工程师-上午历年真题解析视频（第三期）,77.22,514,共156节,小任老师
如何构建数据产品经理的业务、数据、产品能力三角,0.0,332,共1节,起点学院
Java互联网架构师,0.0,86,共10节,逻辑教育
学习新媒体运营精品课 | 新媒体运营的从0到1,0.0,551,共5节,起点学院
2020软考--系统集成项目管理工程师-基础知识(下) 视频课程,577.22,133,共29节,小任老师
原阿里运营总监：运营3大核心思维,0.0,523,已结束,起点学院
美团架构师解密千万级高并发红包系统架构,0.0,40,共5节,图灵学院
数据产品经理求职攻略，老师带你破解面试关键点,0.0,598,共1节,起点学院
spring aop底层实现asm剖析【图灵学院】,0.0,75,共4节,图灵学院
全网独家iOS自动化测试实战,6.22,5231,共67节,柠檬班
CCNA网络精品课之IP地址,0.0,88,共1节,新盟教育
华为认证HCIA初级网络工程师（蔡老师带你从零开始学网络工程师）,0.0,49,进度：15/17节,北京华尔思网络实验室
威哥手把手解析Java核心技术-VIP配套基础课,377.22,68,共32节,扣丁学堂
思科全套模拟器讲解 思科认证网络工程师 CCNA/CCNP/CCIE,0.0,8,共3节,新盟教育
Java零基础入门到年薪30W（java基础  java入门教程  javase）,0.0,5920,共51节,拓薪教育
SPOTO-HCIP直播课 华为认证网络工程师+项目实战,3772.22,939,共20节,SPOTO思博网络
Python开发/自动化/网络爬虫/运维/从入门到精通【动脑学院】,0.0,510,共24节,动脑学院
游戏服务器开发与设计,0.0,530,进度：2/5节,博毅创为大学堂
全网最全最细Fiddler抓包工具，没有之一【柠檬班】,2.23,8579,共25节,柠檬班
深入虚拟机底层分析synchronized【图灵学院】,0.0,48,共4节,图灵学院
JAVA架构师黄埔班,1077.22,5634,进度：8/11节,软谋教育
解密区块链核心密码学,0.0,91,共5节,图灵学院
Jmeter高级性能测试实战课程发布会,0.0,73,共2节,松勤软件测试
Redis高并发分布式锁~Redisson框架实现分布式锁【图灵学院】,0.0,65,共4节,图灵学院
软件测试之python自动化测试3(web自动化+app自动化+接口自动化）,1462.22,89,随到随学,松勤软件测试
太阁ccna/hcia+ccnp/hcip周作业讲解,0.0,49,共5节,太阁IT认证中心
数据结构精华-HashMap+ConcurrentHashMap,0.0,11,共5节,图灵学院
Java分布式电影预告小程序后台,966.22,72,共22节,享学课堂
SEO网站优化SEO网赚|熊掌号|网站建设|快速排名|网络推广网络营销,0.0,962,共6节,魔贝课凡
C#从基础快速实战项目【上位机和全栈开发必会】,0.0,13,共24节,喜科堂互联教育
小程序云开发上线你的AI拍照识花小程序,77.22,5,课程2,全栈开发者阿耿
黑客网络安全工程师/区块链/云计算/Linux运维测试/架构师/python,0.0,598,共5节,掌控安全学院
CCNA网络精品课之IPV6+tunnel,0.0,58,共1节,新盟教育
dubbo+SpringCloud,97.22,7,课程2,小D课堂
Mysql读写分离【图灵学院】,0.0,99,共5节,图灵学院
CCNA网络精品课之OSPF,0.0,35,共1节,新盟教育
前端精英班十九期,59622.0,3,课程2,京程一灯
"2小时通晓分布式架构10年来的演变,Java架构师进阶【咕泡学院】",0.0,90,共1节,咕泡教育
墨子学院新纪元seovip课程-专注内页排名和流量提升特训营,262.22,3245,开设3个班级,墨子学院
"Base64原理剖析,Base64面试java高级,Java架构师进阶【咕泡学院】",0.0,19,共1节,咕泡教育
shell教程-2019全新Shell脚本入门教程,0.0,570,共1节,马哥教育
掌控cisp/cissp/pte/国家级认证/kali/黑客信息安全/网络安全渗透,0.0,834,共3节,掌控安全学院
【NEXT学院】人人都会微信小程序实战进阶,577.22,5618,共13节,腾讯课堂NEXT学院
CCNA网络精品课之OSI七层模型,0.0,56,共2节,新盟教育
Zookeeper读写锁实现~关于分布式锁的概念剖析【图灵学院】,0.0,44,共4节,图灵学院
Python全栈开发/爬虫/人工智能/机器学习/数据分析【千锋教育】,4362.22,520,随到随学,扣丁学堂
2019马哥最新版高端Linux运维云计算年薪30W经典入门教程,0.0,5584,共15节,马哥教育
CCNA网络精品课之网络是什么？,0.0,54,共22节,新盟教育
移动互联网架构开发（VIP班）【享学课堂】,9762.22,157,进度：15/20节,享学课堂
mysql教程-马哥2019全新Mysql配置和安装实战,0.0,560,共1节,马哥教育
掌控安全/kali/黑客信息安全/网络安全/渗透/linux/编程语言/架构,0.0,355,共2节,掌控安全学院
"并发编程从入门到入魔,Java架构并发编程特训营【咕泡学院】",577.22,155,进度：3/3节,咕泡教育
CCNA网络精品课之VLAN,0.0,88,共1节,新盟教育
2分钱买600分钟jmeter性能实战,92.22,5857,共13节,松勤软件测试
CCNA小白入门之七分钟小视频【第二季】,0.0,1,共4节,新盟教育
年薪30万的大数据开发从入门到精通【马哥教育】,0.0,515,共3节,马哥教育
HCIA直播课 华为认证网络工程师（SPOTO）,877.22,974,共16节,SPOTO思博网络
Linux运维及云计算年薪30W入门经典教程【马哥亲讲】,0.0,895,共32节,马哥教育
六个方向CCIE专家讲师教你CCNP+HCNP,922.22,5725,随到随学,太阁IT认证中心
马哥python教程-Python框架Django开发实战,0.0,808,共2节,马哥教育
新媒体的行业趋势 |从微信到抖音，了解新媒体全貌,0.0,11,共1节,起点学院
马哥linux教程-2019全新Nginx实战web服务企业实战,0.0,377,共1节,马哥教育
【NEXT学院】Java全栈开发商业小程序,77.22,3,共18节,腾讯课堂NEXT学院
马哥python教程-零基础Python快速入门教程,0.0,5699,共7节,马哥教育
手写同步器锁反推AQS核心原理【图灵学院】,0.0,6,共3节,图灵学院
python爬虫教程-马哥全新Python商业爬虫实战,0.0,318,共2节,马哥教育
人人都会微信小程序,577.22,826,共15节,腾讯课堂NEXT学院
云计算方向Cloud 技术解析 实战学习华为认证HCNA/HCNP/HCIE,0.0,514,共46节,SPOTO思博网络
"彻底理解单例,单例面试分享java高级,Java架构师进阶【咕泡学院】",0.0,17,共1节,咕泡教育
Web前端高级工程师培养计划 第十四期 LEVEL ONE【渡一教育】,6577.22,590,共17节,渡一教育
【VIP体验课】精选Java高并发分布式架构课【云析学院】,0.0,3685,共19节,云析学院
创建型设计模式精讲及在Spring和JDK源码中的应用,0.0,92,共4节,图灵学院
前端全栈工程师精英班,59322.0,450,随到随学,京程一灯
Linux运维教程之shell脚本答疑,0.0,52,共1节,新盟教育
高端大数据课程 精英培训计划,1762.22,5893,开设3个班级,优效学院
Linux运维教程,0.0,7,共4节,新盟教育
SpringCloudAlibaba-Seata源码,0.0,7,共6节,图灵学院
十八期前端全栈精英班,59412.0,81,课程2,京程一灯
带你玩转spring手写分库分表中间件,0.0,0,共5节,图灵学院
Linux运维教程之目录结构-文件系统,0.0,51,共39节,新盟教育
如何着手打造阿里鹰眼分布式监控平台【图灵学院】,0.0,38,共4节,图灵学院
Linux运维教程之Linux-firewalld,0.0,55,共1节,新盟教育
手写Zookeeper分布式服务注册中心,0.0,9,共5节,图灵学院
产品经理训练营,7222.22,6,进度：15/30节,米你课堂
Linux运维Linux云计算高级架构/Docker/mySQL/linux运维工程师,0.0,37,共19节,新盟教育
Zookeeper读写锁实现,0.0,0,共5节,图灵学院
思科认证CCNP理论+实战,3776.22,868,共10节,超有趣学网络
CCNA网络精品课之静态路由篇,0.0,53,共1节,新盟教育
H5大前端全栈提升VIP就业班直播课（八期）,4362.22,36,进度：4/23节,扣丁学堂
RHCSA视频合集（全）,0.0,52,共4节,新盟教育
Spring整合springmvc,0.0,4,共5节,图灵学院
2020软考-信息系统项目管理师-基础知识(下) 新版教程,577.22,824,共34节,小任老师
零侵入监控系统实现-系统架构和核心技术点【图灵学院】,0.0,85,共4节,图灵学院
软件测试从小白到高手全程班【柠檬班】第65-54期,4162.22,141,随到随学,柠檬班
深入理解线程与线程池原理-业务调优实战【图灵学院】,0.0,87,共5节,图灵学院
Linux运维教程之find+sed+awk（上）,0.0,31,共1节,新盟教育
深入理解Spring整合MyBatis源码真谛,0.0,92,共5节,图灵学院
十七期前端全栈精英班,59412.0,86,课程2,京程一灯
全网最牛JVM字节码结构分析,0.0,14,共4节,图灵学院
【松勤】web安全测试实战体验课,0.0,5,共2节,松勤软件测试
双十二 ~~ 带你玩转源码之Spring Boot分库分表,0.0,89,共6节,图灵学院
软件测试之App自动化测试/Appium实战全解【柠檬班】,2.23,5354,共36节,柠檬班
【官方推荐】特聘专家指导轻松入门Linux,0.0,48,共56节,SPOTO思博网络
软件测试/接口/性能/自动化/测试开发/从入门到精通【动脑学院】,0.0,504,共35节,动脑学院
高端JAVA架构课程 精英培训计划,4762.22,5190,开设2个班级,优效学院
吴光科-Docker容器企业实战剖析,0.0,537,共5节,京峰教育
eNSP模拟器 华为认证网络工程师 HCNA/HCNP/HCIE,0.0,531,共5节,SPOTO思博网络
网络营销全真项目实操,777.22,2,课程6,深圳人次方计算机信息咨询有限公司
【松勤】Python编程实战（自动化测试课程体系）,0.0,63,共10节,松勤软件测试
Linux安装教程-2019全新计算机基础和Linux快速安装教程,0.0,506,共1节,马哥教育
Flowable快速入门,377.22,7,课程3,分享牛
轻松入门高薪Linux云计算【马哥教育】,0.0,79,共7节,马哥教育
.NET/C#高级进阶/.NetCore/EF6/MVC5/设计模式/NoSql,0.0,69,共12节,喜科堂互联教育
java互联网阶段（阶段四）,5777.22,405,共57节,拓薪教育
马哥Linux教程-2019全新正则表达式及vim进阶,0.0,75,共1节,马哥教育
java高薪就业班,1072.22,81,课程4,拓薪教育
Linux教程-2019全新ansible入门到精通,0.0,559,共1节,马哥教育
CCNA网络精品课之ACL访问控制列表,0.0,6,共1节,新盟教育
.NET/C#零基础高薪就业(全栈开发/BS/CS/WPF/WCF/Winform/Sql）,0.0,4,共21节,软谋教育
CCNA网络精品课之RIP,0.0,6,共1节,新盟教育
前端0基础速成+精选实战项目,777.22,5,共26节,蝉壳学院
CCNA网络精品课之基础命令集,0.0,9,共1节,新盟教育
Cocos/Creator/小游戏创业精品课,0.0,5215,进度：13/22节,博毅创为大学堂
CCNA网络精品课之NAT+PPP+DHC,0.0,7,共1节,新盟教育
Loadrunner/Jmeter 高级性能测试4期,9622.22,18,随到随学,柠檬班
Unity高级架构师精品课 框架/热更新/Shader/性能调优/帧同步,0.0,433,进度：10/25节,博毅创为大学堂
Sql+Winform实战学习体验课(多录播/实战/零基础/就业),0.0,594,共41节,朝夕教育
"小白也能学会网站建设,七天无条件全额退款,seo必备,dedecms",577.22,811,共16节,墨子学院
网赚社群淘客+淘宝客+淘宝联盟+内部优惠券淘宝客网络营销推广,0.0,810,共2节,微客教育
H5大前端全栈提升VIP就业班直播课（七期）,4362.22,5,进度：9/23节,扣丁学堂
抖音涨粉引流上热门|抖音卖货|抖音vlog|好物推荐|短视频运营,0.0,339,共2节,微客教育
华为HCIA基础课及习题讲解/HCIP/HCIE,0.0,510,共14节,鼎智传承YESLAB网络培训
Java微信二次开发从基础到项目实战【融通学院】,0.0,48,共16节,融通教育
高薪大神就业班,6662.22,3,课程2,杰越学院
Linux运维教程之-用户与文件管理,0.0,3,共2节,新盟教育
"Vue还原饿了么实战项目集合包(1,2,3,4)",577.22,33,课程4,米修在线
CCNA网络精品课之EIGRP,0.0,6,共2节,新盟教育
"SpringAOP基石之探寻动态代理的奥秘java高级,架构师_咕泡学院",0.0,55,共1节,咕泡教育
马哥带你七天精通kubernetes(K8s),376.22,352,共26节,马哥教育
Linux运维教程Linux--逻辑卷管理LVM+防火前iptables,0.0,7,共1节,新盟教育
.NET/C#全栈开发高级VIP班【C/S+B/S+10个项目实战】,77.22,3486,随到随学,喜科堂互联教育
Linux运维教程-Linux云计算之RAID,0.0,6,共1节,新盟教育
"程序员为什么这么累?30岁不一定就是槛,java高级,架构师_咕泡学院",0.0,7,共1节,咕泡教育
CCNA网络精品课之VTP协议,0.0,55,共1节,新盟教育
马哥Linux高端运维云计算就业班-随到随学+一对一辅导+定期直播,9162.22,5218,共33节,马哥教育
CCNA网络精品课之ARP协议篇,0.0,4,共13节,新盟教育
Cocos Creator核心技术集,87.22,6,课程2,IT老兵
Linux运维教程之find+sed+awk（下）,0.0,58,共1节,新盟教育
深入理解多线程设计与JMM内存模型-JSR133规范【图灵学院】,0.0,58,共5节,图灵学院
CCNA网络精品课之ARP协议篇,0.0,8,共1节,新盟教育
Java基础入门到精通尊享铂金专业培训课程（直通JavaEE就业大门）,3222.22,977,随到随学,拓薪教育
网络营销全科精讲|最全网络推广手段：微信QQ营销新媒体运营,0.0,558,共2节,泛学苑自媒体
2020年信息系统项目管理师直播课 Tikubook软考徐风老师,0.0,99,2020-1-21开讲,徐风老师
人工智能商业实战AI深度学习/机器学习/Python/大数据_咕泡教育,51622.0,373,进度：6/12节,咕泡教育
【智能社】React系列公开课,0.0,72,进度：2/3节,【智能社】在线课堂
JAVA高级开发 架构师课程（多线程 高并发 高可用 高扩展）,0.0,532,进度：7/19节,码巢学院
SEO到底咋做？搜索引擎优化总监实战VIP课堂【透析2019最新案例】,8777.22,6767,开设7个班级,魔贝课凡
Linux运维教程之进程管理（上）,0.0,8,共1节,新盟教育
Python全栈+爬虫套餐,9162.22,53,课程2,马哥教育
Linux运维教程之SSHd服（下）,0.0,5,共2节,新盟教育
学神IT毕业VIP学员经典项目分享课,0.0,59,共10节,学神IT教育
Linux运维教程之重定向、管道符与环境变量,0.0,8,进度：1/1节,新盟教育
spring底层源码解析训练营,577.22,6358,进度：8/8节,鲁班学院
Zabbix分布式监控系统企业级实战【京峰教育】,0.0,45,共1节,京峰教育
Linux教程-2019全新CCNA网络入门及TCP/IP协议,0.0,79,共1节,马哥教育
坦克大战+java架构师,53062.0,834,课程6,马士兵老师
JAVA架构师 JAVA高级开发【软谋教育】,0.0,89,共6节,软谋教育
产品入门第一课｜成为快速升职加薪的少数人,0.0,68,共40节,起点学院
seo内页排名技术-大量关键词排名操作方法-特殊关键词快速排名,8962.22,225,随到随学,墨子学院
2019马哥python教程-Python网站web开发实战,0.0,90,共2节,马哥教育
Wireshark网络分析实战-从入门到精通,0.0,529,共3节,SPOTO思博网络
JSP入门 JSP教程 Servlet javaweb web基础 web核心 jsp内置对象,0.0,381,共1节,拓薪教育
马士兵Java零基础入门【马士兵教育】,0.0,5086,共21节,马士兵老师
软件测试高薪就业速成班3-12期,53822.0,546,开设3个班级,柠檬班
淘宝商城项目实战开发【渡一教育】,0.0,98,共2节,渡一教育
微信小程序开发实战课程,0.0,674,共4节,软谋教育
.NET/C#工控上位机VIP系统学习班【喜科堂互联教育】,9077.22,455,共89节,喜科堂互联教育
mysql mysql入门 mysql入门到精通 mysql教程 sql 数据库 java,0.0,5276,共7节,拓薪教育
空间数据可视化系列直播课,0.0,500,共1节,脉策数据
【自兴AI】人工智能实战进阶班,7562.22,14,共62节,自兴Ai
十年授课闫Sir带你解析HCIE3.0时代,0.0,59,进度：23/23节,太阁IT认证中心
深入浅出带你学Python冲击年薪30万【马哥教育】,0.0,668,共43节,马哥教育
【官方授权】千锋红帽RHCE/RHCSA认证考试课程（含考试费）,9762.22,4,共65节,扣丁学堂
CD-Linux高级运维架构师课程/云计算/安全/docker/虚拟化/调优,0.0,81,共10节,学神IT教育
李院长-python全栈 自动化 爬虫 数据分析 人工智能 【京峰教育】,0.0,644,共1节,京峰教育
自动化测试进阶课|Python自动化/web自动化+app自动化/接口自动化,1622.22,1,共90节,扣丁学堂
抖音运营百科：抖音上热门技巧，抖音不花钱怎么上热门,0.0,87,共1节,微客教育
ISTQB国际软件测试工程师认证解读,0.0,7,共2节,松勤软件测试
web前端零基础提高班【蝉壳学院】,9596.22,350,共23节,蝉壳学院
Jenkins持续集成实战系列,0.0,14,共3节,京峰教育
Linux云计算+Python运维开发+Web渗透+持续集成+Docker+K8S,4362.22,522,共106节,扣丁学堂
PS试听课 淘宝美工/LOGO设计/网页设计/设计思路/色彩设计,0.0,90,共2节,泛学苑自媒体
Kafka分布式消息中间件分析【源码学院】 只为培养BAT程序员而生,0.0,559,共3节,源码学院
ASP.NET-MVC网站开发【实战与技能详解】,386.22,829,共19节,喜科堂互联教育
python基础编程/爬虫/人工智能/AI/数据分析/机器学习/深度学习,0.0,142,共20节,灵犀教育
Python全栈开发/爬虫/人工智能/机器学习/数据分析【七期就业班】,4362.22,39,共55节,扣丁学堂
Python编程/AI/人工智能/爬虫/数据分析/机器学习/深度学习,0.0,36,共19节,灵犀教育
软件测试/Python/接口/自动化/面试/测试框架/入门到精通,0.0,784,共9节,测码学院
WOLF HCNA全套课程-为零基础、初学者量身打造-理论与配置案例,0.0,333,共27节,沃尔夫CCIE实验室
robotframework自动化测试框架从入门到项目实战4-1期,3122.22,5011,随到随学,柠檬班
Web前端开发H5/|javascript/JS/ES6/vue/react/webpack/node/mvvm,0.0,8320,共21节,金渡教育
C#/.NET编程零基础到精通(MVC5/Winform/DEV/SqlServer/WPF/WCF),0.0,70,共52节,灵犀教育
【NEXT学院】Python从入门到实战・基础篇,777.22,86,共33节,腾讯课堂NEXT学院
HTML+CSS基础10天精通【学神IT教育】,0.0,68,共9节,学神IT教育
SPOTO录播课-CCNP思科认证网络工程师-红茶三杯路由交换RS,0.0,9,共25节,SPOTO思博网络
外贸SEO优化推广 Google SEO（谷歌seo） Bing必应 搜索引擎优化,8076.22,5055,随到随学,魔贝课凡
0基础-带你进入Linux世界/运维/云计算/RedHat/Centos7【学神】,0.0,565,共8节,学神IT教育
安全公开课 思科网络认证工程师 Cisco Security CCNA/CCNP/CCIE,0.0,3,共40节,SPOTO思博网络
全栈+爬虫+数据+AI,6622.22,42,课程4,马哥教育
SpringBoot集成MyBatis的各种方式全面解析【图灵学院】,0.0,324,共4节,图灵学院
尚学堂AI人工智能、深度学习、Python系列课程！,0.0,43,进度：22/22节,中科云数（北京）科技有限公司
Python数据分析AI套餐,1362.22,55,课程4,马哥教育
软件测试之突破笔试面试【柠檬班】,0.0,10,共3节,柠檬班
linux教程-马哥2019全新LVS负载均衡实战,0.0,90,共1节,马哥教育
JavaEE就业班（第四阶段）,3577.22,507,共17节,柠檬学院
【城市数据研习社】大咖讲堂,0.0,89,共17节,脉策数据
"深入剖析MySQL索引原理,java高级,Java架构师进阶【咕泡学院】",5.22,543,共4节,咕泡教育
iOS底层原理班,62.22,859,课程3,小码哥教育
robotframework自动化测试框架从入门到精通,2.23,590,共5节,柠檬班
javaweb阶段（阶段二）,5966.22,493,共55节,拓薪教育
Python全栈软件自动化测试VIP课程【柠檬班】,2.23,387,共28节,柠檬班
Python人工智能全栈开发二期【千锋教育】,9622.22,93,共94节,扣丁学堂
Loadrunner/Jmeter 高级性能测试实战试听课,2.23,665,共10节,柠檬班
海量数据分库分表正确姿势/Java架构师进阶【咕泡学院】,7.72,44,共4节,咕泡教育
TCP/IP网络知识必备及Wireshark抓包工具详解,2.23,592,共24节,柠檬班
华为认证HCNA初级网络工程师（从零开始学网络工程师：周军）,555.22,834,开设2个班级,北京华尔思网络实验室
【柠檬班】软件测试必备linux之xshell及xftp的安装及使用秘诀,2.23,826,共13节,柠檬班
HashMap常见面试题及解答【鲁班学院】,0.0,852,共3节,鲁班学院
今日头条号自媒体|原创短视频赚钱|企鹅号百家号大鱼号新媒体运营,0.0,98,共1节,微客教育
JAVA涨薪突击班2020年面试Offer高并发分布式【动脑学院】,8777.22,38,2020-3-8开讲,动脑学院
太阁精选XCIE试听课程,0.0,1,共4节,太阁IT认证中心
软件测试职业规划及高薪offer指南,2.23,83,共24节,柠檬班
JDK8新特性-stream api,5.22,593,共1节,马士兵老师
软件测试管理测试经理测试总监测试高管课程第1-2期,922.22,581,进度：76/76节,柠檬班
iOS 最具学习潜力框架―Metal 图形处理入门,7.72,572,共1节,逻辑教育
【VIP直播课】做抖音百万粉大号|社交电商新媒体自媒体网赚短视频,3476.22,125,随到随学,魔贝课凡
Web前端VIP体验课,7.72,8,共1节,渡一教育
零基础学GIT版本控制（从入门到精通）【柠檬班】,2.23,342,共26节,柠檬班
【动脑学院VIP】高性能分布式架构800多个互联网实战技术,4662.22,1670,开设2个班级,动脑学院
史上最全软件项目模型集锦和详解，测试工程师不能不知道的秘密！,2.23,55,共7节,柠檬班
JDK8新特性～lambda表达式,5.22,547,共1节,马士兵老师
H5大前端全栈VIP就业班配套基础课（赠送）,377.22,5600,共39节,扣丁学堂
iOS逆向入门精讲,7.72,571,共1节,逻辑教育
城市数据分析师体验课,0.0,530,共7节,脉策数据
【回放从目录的第2节开始】2019产品经理大会・上海站,17.22,5020,共17节,起点学院
太阁XCNP精品试听课,0.0,7,共4节,太阁IT认证中心
软件测试经典面试题剖析，金三银四面试涨薪so easy,2.23,0,共13节,柠檬班
前端权威0基础入门 + Web百大项目案例,5.22,5,共10节,渡一教育
自定义注解,5.22,47,共1节,马士兵老师
iOS进阶开发与底层原理,7.62,53,共3节,逻辑教育
Git入门教程/咕泡学院【报名即赠送周边大号鼠标垫400*900】,577.22,5133,共16节,咕泡教育
Linux运维教程之进程管理（下）,0.0,8,共2节,新盟教育
"基于OAuth2.0保护接口安全之实战现场,Java高级,架构师_咕泡学院",5.22,7,共1节,咕泡教育
idea+SpringCloud,3.22,1,课程2,小D课堂
Linux运维架构/云计算/centos7/shell/脚本/if/for/sed/awk/学神,0.0,557,共6节,学神IT教育
从入门到进阶，深入理解JVM底层原理,2.77,555,共7节,图灵学院
SpringBoot打造猫眼商城,166.22,66,共21节,享学课堂
腾讯云计算 腾讯云认证系列公开课,0.0,40,共159节,SPOTO思博网络
吴光科2019―Shell编程入门基础必备,0.0,3,共1节,京峰教育
JAVA基础+互联网架构,50762.0,42,课程9,马士兵老师
掌控安全/kali/黑客信息安全/网络安全/渗透/linux/编程语言/架构,0.0,43,共1节,掌控安全学院
SEO实战培训教程-SEO魔鬼训练营【SEO商学院】 免费,0.0,531,共20节,墨子学院
软件测试之python自动化测试（web自动化+app自动化+接口自动化）,1462.22,8489,共130节,松勤软件测试
自媒体引流微商创业宝妈兼职项目淘宝客网赚微信营销客源百度排名,0.0,37,共2节,微客教育
Web前端高级工程师培养计划 第十三期 LEVEL ONE【渡一教育】,6577.22,596,共19节,渡一教育
微信内训课,0.0,34,共2节,微客教育
大型互联网企业分布式ID生成策略解密【鲁班学院】,0.0,56,共5节,鲁班学院
抖音吸粉引流，抖音上热门微商引流加好友|网络营销|销售网络推广,0.0,88,共2节,微客教育
Python全栈自动化24期,1462.22,511,课程2,柠檬班
spring mvc源码解析【鲁班学院】,0.0,540,共3节,鲁班学院
JavaEE就业班（第三阶段）,3562.22,59,共17节,柠檬学院
Synchronized关键字原理分析【鲁班学院】,0.0,538,共3节,鲁班学院
Python全栈自动化22期,1462.22,546,课程2,柠檬班
java网络编程NIO的原理【鲁班学院】,0.0,540,共3节,鲁班学院
网络营销推广+现代新媒体营销，网络小白成功必走之路,0.0,3,共2节,泛学苑自媒体
springcloud Eureka源码深入解析【鲁班学院】,0.0,503,共4节,鲁班学院
Web前端开发(HTML/CSS/javaScript/Vue/React/Node)【六星教育】,0.0,33,共3节,杰越学院
Python全栈自动化测试,1462.22,585,课程2,柠檬班
2019马哥python教程-Python全新列表、排序及字典,0.0,32,共2节,马哥教育
互联网架构+人工智能,33042.0,0,课程10,马士兵老师
2019马哥python教程-Python网络编程实战,0.0,81,共2节,马哥教育
【SPOTO思博网络】华为安全HCIP 真机实战系列公开课,0.0,32,共3节,SPOTO思博网络
Linux教程-2019全新Linux文件目录管理和管道,0.0,53,共1节,马哥教育
高级UI ――自定义ViewGroup与 UI性能优化,577.22,5200,进度：3/3节,享学课堂
掌控安全/kali/黑客信息安全/网络安全/渗透/linux/编程语言/架构,0.0,93,共2节,掌控安全学院
Linux教程-2019全新Linux用户和权限管理,0.0,54,共1节,马哥教育
互联网架构师+大数据,54762.0,989,课程9,马士兵老师
掌控安全/kali/黑客信息安全/网络安全/渗透/linux/编程语言/架构,0.0,36,共2节,掌控安全学院
Cisco CCNP/CCIE思科认证网络工程师 实战进阶提高班,0.0,53,共1节,SPOTO思博网络
全栈开发+蜕变架构【全能加薪，只争朝夕】,1977.22,2,课程2,朝夕教育
华为认证 云计算方向Cloud 技术解析 实战学习HCNA/HCNP/HCIE,0.0,33,共17节,SPOTO思博网络
马哥python教程-2019全新Python排序、冒泡字符串实战,0.0,37,共2节,马哥教育
SPOTO思科认证数据中心（DC）方向DateCenter公开课,0.0,55,共6节,SPOTO思博网络
Linux教程-2019全新find文件查找及sed用法,0.0,56,共1节,马哥教育
移动全栈android+ios企业级项目实战swift/java/xcode,8977.22,5,课程2,爱学啊
linux网络教程-马哥2019全新网络管理与配置实战,0.0,82,共1节,马哥教育
【官方推荐】红帽Linux认证RHCE基础班,377.22,800,2020-2-13开讲,SPOTO思博网络
搞定Linux运维及云计算年薪30万-基础入门【马哥教育】,0.0,34,共54节,马哥教育
Android Studio高级开发【职坐标】（Android开发进阶Mini课程）,0.0,330,共6节,职坐标
Java内存模型JVM与volatile关键字【图灵学院】,0.0,391,共4节,图灵学院
Java权威零基础入门-精品demo案例【渡一教育】,777.22,1182,共13节,渡一教育
SPOTO专注在线培训老牌机构，名师带你学华为HCIA/HCIP/HCIE,0.0,37,共53节,SPOTO思博网络
2019年Java全栈权威入学宝典（Java+Web前端）,0.0,501,共84节,柠檬学院
Python爬虫工程师高薪就业班,8471.22,4,课程3,青灯教育
Vue从入门到实战【渡一教育】,0.0,5238,共2节,渡一教育
Java核心框架实战开发｜Spring/SpringMVC/Mybatis【职坐标】,0.0,333,共67节,职坐标
JAVA高级架构课,4662.22,442,课程2,图灵学院
java java基础 eclipse eclipse使用 eclipse教程 java零基础,0.0,521,共10节,拓薪教育
React.js从入门到进阶之路,0.0,395,共2节,软谋教育
95%的面试必问的Java性能调优知识点1.14-助理微信：19974933013,77.22,5021,进度：8/8节,图灵学院
IOS应用开发就业课【职坐标】（面向岗位/月薪上万）,0.0,587,共21节,职坐标
千锋前端全栈HTML5零基础项目实战就业班,1622.22,64,随到随学,扣丁学堂
JavaEE开发工程师进阶-Java web开发｜JS/Servle/JSP/Ajax/Jquery,0.0,529,共11节,职坐标
Linux VIP直播课试听 虚拟化 云计算 DevOps 指导微信1500190682,0.0,5416,共7节,京峰教育
ASP.NET-MVC企业网站开发【喜科堂互联教育】,0.0,546,共31节,喜科堂互联教育
Linux云计算高端架构班/内核调优/亿万PV优化/kubernetes/Docker/,4962.22,732,进度：91/94节,京峰教育
HTML5+CSS3零基础入门（2019）【柠檬学院】,0.0,829,共28节,柠檬学院
抖音运营百科：抖音限流是什么意思，抖音限流解决方法,0.0,83,共1节,微客教育
【NEXT学院】uni-app商业级应用实战 一次搞定小程序/安卓/iOS/H5,77.22,469,共18节,腾讯课堂NEXT学院
MySQL索引底层原理详解【鲁班学院】,0.0,597,共3节,鲁班学院
网络推广|网赚抖音引流微商销售新媒体营销自媒体引流|网络营销,0.0,56,共1节,微客教育
springboot + cloud,87.12,1,课程2,小D课堂
自媒体引流抖音加粉加好友微信营销网络推广网络赚钱互联网创业,0.0,89,共10节,微客教育
HCIA课程加油,0.0,38,共6节,SPOTO思博网络
Kali安全渗透+Web白帽子高级工程师+黑客攻防-初级课-学神IT,0.0,559,共3节,学神IT教育
CCNA直播课 Cisco思科认证网络工程师,877.22,5338,共14节,SPOTO思博网络
Linux运维架构/云计算/centos7/搭建DNS服务器实现域名解析/学神,0.0,79,共1节,学神IT教育
【更新】10期新媒体+抖音综合包,671.22,539,课程2,榕意新媒体学院
【SPOTO思博网络】Linux免费公开课,0.0,82,共9节,SPOTO思博网络
Linux教程-2019全新Linux文件权限和文本处理,0.0,7,共1节,马哥教育
Redis突击训练之入门到超神【六星教育】,577.22,894,进度：3/3节,六星教育
公开课 Juniper认证网络工程师JNCIA/JNCIS/JNCIP,0.0,0,共3节,SPOTO思博网络
PHP-Git零基础完全解读指南【六星教育】,5.22,367,共5节,六星教育
"linux入门到精通大数据Hadoop,机器学习Flink/Spark/Storm_咕泡",57.72,528,共5节,咕泡教育
C#面向对象精彩强化讲解【喜科堂.NET精品课】,0.0,61,共17节,喜科堂互联教育
C语言零基础入门篇,7.72,5789,共21节,六星教育
2020软考-信息系统项目管理师-基础知识(上) 新版教程,577.22,847,共33节,小任老师
php-swoole多任务处理中心项目实战【六星教育】,7.72,6,共4节,六星教育
【松勤】软件测试面试流程与真题讲解,2.92,193,共3节,松勤软件测试
华为云计算HCIE华为认证网络工程师,52622.0,9,共46节,SPOTO思博网络
C语言零基础大神宝典,5.22,17,共7节,六星教育
SpringBoot打造猫眼商城,5362.22,35,共30节,图灵学院
C语言零基础入门篇,5.22,551,共7节,六星教育
java分布式互联网架构/微服务/高性能/高可用/java分布式项目,0.0,65,共35节,拓薪教育
微信小程序零基础入门学习,7.72,5265,共5节,六星教育
BATJ面试班【图灵学院】,5762.22,5148,共22节,图灵学院
CISP认证考试/信息安全/国家级认证人员/Kali安全渗透【学神IT】,0.0,13,共4节,学神IT教育
java基础 java练习题 java作业题 作业题 java入门 java课后作业,0.0,90,共7节,拓薪教育
三步带你玩转TypeScript,7.62,968,进度：3/3节,京程一灯
2019年-Centos7.6-Linux云计算集群架构师-基础VIP课程视频,0.0,18,共4节,学神IT教育
Web前端全栈进阶班【蝉壳学院】,1596.22,597,随到随学,蝉壳学院
Python基础编程/html基础/全栈开发/web前端/【学神IT教育】,0.0,95,共2节,学神IT教育
【自媒体免费学】自媒体/新媒体/抖音30天快速学,0.0,324,共5节,斯雁教育
千万数据存储mycat分库分表实战【鲁班学院】,0.0,71,共3节,鲁班学院
Java架构师尊享铂金专业培训课程,8777.22,527,共43节,拓薪教育
原生OpenStack部署及公有云（精华版）-邹圣林,0.0,19,共6节,誉天教育
Rock带你-零基础学习C语言/C++语言【奇牛学院】,0.0,949,共12节,奇牛学院
用友U8全套课程,922.22,3,课程16,万晓明
Dubbo底层源码解析【鲁班学院】,0.0,523,共3节,鲁班学院
人人都懂区块链（更新中）,0.0,572,共1节,扣丁学堂
2020年软考系统分析师-综合知识精讲视频培训课程,77.22,33,共74节,小任老师
Java架构师培训课程  分布式/高可用/微服务/spring【鲁班学院】,0.0,3260,共48节,鲁班学院
C#/.Net全栈班体验课(语法解析+多实战),0.0,952,共7节,朝夕教育
马哥教育Python全栈+爬虫+数据分析+AI小白入门训练营,76.22,1931,共9节,马哥教育
Mybatis底层源码解析【鲁班学院】,0.0,78,共3节,鲁班学院
Appium自动化测试与自动遍历测试入门,0.0,513,共2节,霍格沃兹测试学院
.Net架构师设计模式全套视频,76.22,181,共25节,软谋教育
区块链深度实战 |比特币/以太坊/智能合约/Go/数字加密/DAPP全栈,0.0,531,共3节,扣丁学堂
Java架构师互联网分布式技术【源码学院】 只为培养BAT程序员而生,0.0,5325,共41节,源码学院
软件测试之Jmeter高级性能测试,922.22,675,开设4个班级,柠檬班
C/C++Linux服务器开发/后台架构师【零声学院】,0.0,5002,共43节,零声学院
Redis分布式与缓存击穿的问题【鲁班学院】,0.0,526,共3节,鲁班学院
python人工智能全栈开发一期【千锋教育】,9622.22,533,进度：88/88节,扣丁学堂
资深网络专家带你2周轻松学网络！ 思科认证，CCNA/CCNP/CCIE。,0.0,396,共27节,思唯网络学院
SqlServer全知识点解析(零基础到高级语法),0.0,130,共16节,朝夕教育
软件测试之Python自动化测试+Jmeter性能精品试听课,66.22,5,共20节,松勤软件测试
软件测试/面试/接口/性能/自动化/数据库/入门到精通【乐搏学院】,0.0,89,共27节,乐搏技术学院
最新版C语言基础入门视频教程---千锋教育,0.0,516,共3节,扣丁学堂
存储HCIE直通车,58622.0,10,课程3,誉天教育
C/C++ 零基础到大神精讲(C++17最新标准/游戏编程/项目实战),0.0,703,共4节,易道云学院
【扔物线】裁员潮下，市场究竟需要怎样的Android高级工程师,0.0,332,共8节,扔物线学堂
Java框架项目尊享铂金专业培训课程,3777.22,392,随到随学,拓薪教育
C#/.Net架构师GOF23种设计模式+设计模式六大原则+UML类图 体验课,0.0,370,共15节,朝夕教育
【FUNNET】网络工程师速成班 思科/华为RS认证 HCIA/HCIP/HCIE,0.0,940,共24节,超有趣学网络
2020软考--网络工程师下午历年真题解析视频培训课程（第三期）,577.22,591,共54节,小任老师
Tomcat架构设计与底层源码分析【鲁班学院】,0.0,67,共3节,鲁班学院
.NetCore3.0跨平台实战【从开发走向架构，实战落地跨平台开发】,0.0,811,共5节,朝夕教育
数据产品经理训练营，4周掌握搭建数据产品系统方法论,5177.22,578,共8节,起点学院
Android进阶之绘制 - 自定义View完全掌握系列一【HenCoder】,0.0,347,共10节,扔物线学堂
珠峰架构前端技术公开课,0.0,159,共5节,珠峰架构学院
2020软考--软件设计师-基础知识实战培训视频,877.22,331,共67节,小任老师
Python从“小白”到“大神”――快速入门全栈工程师,0.0,816,共46节,誉天教育
Web前端小程序/HTML5/CSS/JS/jQuery/Vue[千锋],0.0,353,共10节,扣丁学堂
太阁闫辉XCNA网络认证VIP班,76.22,146,随到随学,太阁IT认证中心
【免费】春招秋招 Linux C/C++开发就业课程【零声学院】,0.0,385,共5节,零声学院
【邹SIR主讲】云计算实战之企业云迁移,0.0,352,进度：10/10节,誉天教育
creator 0基础就业班+服务器进阶班,762.22,413,共156节,博毅创为大学堂
【训练营】Vlog抖音电商引流|自媒体淘宝短视频|头条号百家号赚钱,0.0,838,共1节,泛学苑自媒体
C语言零基础入门到项目实战,0.0,5552,共56节,顿开教育
Python零基础入门精讲,86.22,5849,共14节,学神IT教育
synchronized原理分析【鲁班学院】,0.0,558,共3节,鲁班学院
软件成熟度模型,3.22,2,共1节,松勤软件测试
C/C++ Linux服务器开发/高级架构师课程【动脑学院】,9762.22,1,进度：6/14节,动脑学院
PHP全栈工程师体验班【六星教育】,5.22,366,共12节,六星教育
测试工程师加分工具-Jenkins,2.23,535,共2节,松勤软件测试
六IE讲师教您三个月考过CCIE+HCIE,50922.0,5951,开设4个班级,太阁IT认证中心
【精品推荐】16年专业培训-CCNA学习指南,0.0,3,共4节,SPOTO思博网络
JavaVIP体验课-Dubbo源码分析【六星教育】,5.22,522,共1节,六星教育
自动化+性能录播打包,4362.22,2,课程2,乐搏技术学院
一节课讲解小程序测试思维,2.23,74,共1节,松勤软件测试
用友U8-生产制造系列,332.22,5,课程5,万晓明
代码小白也能学会的python接口自动化测试,2.23,513,共5节,松勤软件测试
吴光科2019――Linux系统下LAMP技术实战,0.0,4,共1节,京峰教育
【严选课程】CCIE课 CISCO思科认证网络工程师,52622.0,190,共37节,SPOTO思博网络
吴光科―运维小白必备技能,0.0,4,共3节,京峰教育
软件测试工作中常用的测试工具,2.23,77,共3节,松勤软件测试
吴光科2019―Linux高级运维高薪技能讲解,0.0,1,共1节,京峰教育
小程序商城毕业设计课,677.22,0,课程3,黄菊华
软件测试职业规划/简历编写/真题讲解,2.23,510,共9节,松勤软件测试
企业Linux运维自动化实战,0.0,53,共7节,京峰教育
微信小程序商城前端+asp版网站后台和接口开发,677.22,0,课程3,黄菊华
Linux高级运维/云计算/centos7/zabbix/架构/集群/监控/服务/学神,0.0,11,共1节,学神IT教育
C/C++数据结构算法设计,5.22,2,共9节,六星教育
java阶段三四-vip组合,8822.22,36,课程4,拓薪教育
Linux运维架构/云计算/centos7/iptables防火墙/服务器安全/学神,0.0,10,共1节,学神IT教育
Linux高级运维/云计算/centos7/docker/架构/集群/存储/调优/学神,0.0,45,共2节,学神IT教育
python 自动化运维零基础入门+实战,596.22,8288,共9节,学神IT教育
吴光科―Linux运维技巧杂谈系列,0.0,8,共1节,京峰教育
抖音运营百科：抖音笑100分在哪里_抖音怎么笑到100分,0.0,0,共1节,微客教育
iOS大神班合辑,77.22,356,课程8,小码哥教育
抖音运营百科：抖音长视频怎么发布，抖音长视频怎么拍,0.0,6,共1节,微客教育
Python测试开发第2期,53622.0,80,课程2,柠檬班
抖音运营百科：看抖音怎么快进 抖音怎么快进后退,0.0,4,共1节,微客教育
WEB前端与移动端全栈开发-基础篇：HTML5+CSS3+实战案例,77.22,965,共56节,云艺帆教育
抖音运营百科：抖音自动卡点视频怎么做，抖音卡点照片怎么弄,0.0,4,共1节,微客教育
Java高薪班培训,4072.22,56,课程2,拓薪教育
互联网创业项目微商引流吸粉网赚卖货微商营销精准吸粉微信营销,0.0,7,共1节,微客教育
AutoCAD/C#零基础到项目实战公开课,0.0,71,共21节,朝夕教育
"抖音怎么拍长视频,抖音怎么传长视频教程",0.0,1,共1节,微客教育
Java架构师培养计划-Level two,177.22,384,随到随学,渡一教育
宝妈兼职互联网创业微商淘宝客引流网络赚钱自媒体引流微信营销,0.0,50,共4节,微客教育
【扔物线/Android】HTTPS 为什么是安全的,0.0,550,共2节,扔物线学堂
抖音的抖动特效怎么弄 抖音抖动特效教程,0.0,7,共1节,微客教育
Jvm虚拟机原理分析 【源码学院】     只为培养BAT程序员而生,0.0,559,共6节,源码学院
"全面剖析MySQL索引/锁的机制原理Java高级,java架构师进阶_咕泡",966.22,8261,进度：2/2节,咕泡教育
【邹SIR精讲】誉天云计算Docker精华课程,0.0,8,进度：6/6节,誉天教育
Springboot源码深入分析 【源码学院】 只为培养BAT程序员而生,0.0,599,共7节,源码学院
JavaEE就业班（第五阶段）,1662.22,599,共17节,柠檬学院
【公开课】华为大数据认证之Hadoop入门公开课,0.0,90,共4节,誉天教育
高可用集群环境kafka环境搭建【免费学习】,0.0,582,共8节,每特教育
RHCSA-RHCE红帽官方授权认证考试-考前辅导（含考试费）,1472.22,848,进度：16/16节,学神IT教育
抖音Vlog带货|电商短视频运营|淘宝客引流|网络推广|种草书单赚钱,0.0,6,共2节,泛学苑自媒体
ELK打造分布式日志收集系统实战【免费学习】,0.0,589,共6节,每特教育
SSH/SSM框架篇,166.22,56,课程4,高新强
SSM框架从入门到实战,0.0,584,共6节,扣丁学堂
Mybatis源码分析   【源码学院】     只为培养BAT程序员而生,0.0,350,共7节,源码学院
java企业级高薪班,4072.22,3,课程3,拓薪教育
自媒体赚钱|百家号批量工作室运营|头条号新媒体短视频原创爆文,0.0,74,共3节,泛学苑自媒体
名师带你快速入门测试―jmeter性能测试实战课,0.0,11,共1节,博为峰网校在线教育
哈米在线音乐Java互联网实战项目教程,5677.22,502,共48节,拓薪教育
Web安全/web渗透/kali/网络安全/入侵防御/渗透测试/信息安全/,0.0,64,共6节,安迹web渗透测试
Java专家架构师VIP试听课 互联网/分布式/微服务/高并发/性能优化,0.0,510,共35节,粉菜编程学院
PHP高级开发―大神开发专题课程【六星教育】,4662.22,5483,开设2个班级,六星教育
Kickstart自动化运维实战系列,0.0,3,共6节,京峰教育
一毕业就年薪20万的IT互联网岗位推荐,0.0,54,共4节,科迪思
java企业级高薪班,4072.22,79,课程4,拓薪教育
学神IT python运维开发【For老师】试听课,0.0,59,共3节,学神IT教育
java企业级就业班,9177.22,5,课程3,拓薪教育
Linux运维架构/云计算/centos7/网络管理/TCP/IP/OSI七层/学神,0.0,1,共1节,学神IT教育
Spring Cloud微服务架构实战【图灵学院】,0.0,334,共5节,图灵学院
Kali安全渗透+Web白帽子高级工程师+黑客攻防-中级课-学神IT,0.0,69,共2节,学神IT教育
30天征服Java系列教程,92.22,30,课程10,北京思无限科技有限责任公司
165天逆袭Web全栈工程师（进阶篇）JS/ES6/JQuery/BootStrap,0.0,814,共91节,职坐标
Java/javaee核心技术实战【软谋教育】,0.0,7,共7节,软谋教育
H5大前端全栈提升VIP就业班直播课（六期）,4362.22,84,进度：11/15节,扣丁学堂
城市空间系列研究直播课,0.0,30,共3节,脉策数据
java就业外包公司该不该去,0.0,32,共1节,拓薪教育
Java高级程序员/微服务/源码解析/分布式/企业级架构【千锋教育】,4362.22,12,随到随学,扣丁学堂
JavaWeb工程师之HTML+CSS基础（柠檬学院）,0.0,34,共7节,柠檬学院
Python/人工智能/零基础就业课,0.0,391,共1节,软谋教育
“60天”SEM竞价网络推广主管VIP实战训练营 【实力提升转化】,3677.22,3457,开设6个班级,魔贝课凡
零基础学Java开发_咕泡,0.0,39,共12节,咕泡教育
BAT面试必备-全网最强Spring IOC容器源码剖析【图灵学院】,0.0,834,共6节,图灵学院
P2【商业级MMORPG大型网游】Unity全栈开发,1666.22,508,共14节,极视教育
Java架构师/微服务/分布式/高并发/性能优化/源码解析,0.0,83,共25节,柠檬学院
PHP开发入门基础/web前端/MySQL/模板引擎/框架,0.0,30,共101节,职坐标
【NEXT学院】Python从入门到实战・完整篇,3777.22,80,共81节,腾讯课堂NEXT学院
Linux运维架构/云计算/centos7/redis主从架构/高可用/学神,0.0,15,共1节,学神IT教育
前端WEB全栈工程师（第三阶段）,812.22,96,随到随学,柠檬学院
CCNA-CCNP-CCIE直通车-网络工程师-思科华为双厂商专家认证,0.0,53,共9节,学神IT教育
【城市数据研习社_大咖讲堂_第三期】刘啸/上海数慧,0.0,8,共1节,脉策数据
前端权威0基础入门 + Web百大项目案例,777.22,8,共10节,渡一教育
【城市数据研习社_大咖讲堂_第二期】龙瀛/BCL,0.0,9,共1节,脉策数据
Python高级开发项目实战班！,0.0,59,共4节,学神IT教育
IntelliJ IDEA入门到精通全攻略【图灵学院】,0.0,803,共6节,图灵学院
Java高级工程师培养计划 第三期 全阶班 【渡一教育】,55776.0,89,课程2,渡一教育
Head老师-零基础学习WEB前端-JavaScript精编-【学神IT教育】,0.0,53,共7节,学神IT教育
【城市数据研习社_大咖讲堂_第五期】刘淼,0.0,0,共1节,脉策数据
javaee企业级高薪班,4072.22,84,课程5,拓薪教育
高级架构师带你-零基础零障碍学习C语言,0.0,300,共20节,动脑学院
零基础Java大数据教程入门篇-【职坐标】,0.0,592,共214节,职坐标
Python语言基础,96.22,5,共28节,柠檬班
30天掌握人工智能开发实用技能 零基础入行物联网,0.0,392,共76节,职坐标
【城市数据研习社_大咖讲堂_第九期】张鸿辉,0.0,8,共1节,脉策数据
高并发分布式系列精华课,577.22,5825,共6节,动脑学院
资深前端手把手用实战教你冲击月薪3万,0.0,480,共19节,京程一灯
Linux运维架构/云计算/centos7/无人值守安装系统/PXE/学神,0.0,2,共1节,学神IT教育
大数据应用实战-spark+hadoop+数据挖掘【图灵学院】,8762.22,370,进度：15/15节,图灵学院
165天逆袭web前端工程师（入门篇）Html/CSS/JS/H5/CS3/入门项目,0.0,116,共22节,职坐标
“金三银四”一线大厂面试专题,3562.22,5232,共22节,享学课堂
我们只培养会Python开发和人工智能的大数据分析师,0.0,68,共37节,职坐标
高性能线程池工作原理【图灵学院】,0.0,308,共3节,图灵学院
Python开发/自动化/网络爬虫/运维/从入门到精通【动脑学院】,0.0,580,共22节,动脑学院
全栈就业班（第一阶段）,222.22,916,共25节,柠檬学院
抖音好友可见是什么意思_抖音好友可见开启方法,0.0,0,共1节,微客教育
开源社区大牛带你征服Dubbo底层原理【鲁班学院】,0.0,13,共4节,鲁班学院
《数据结构和算法》,576.22,2,课程3,蓝桥学院
区块链视频教程①：零基础也能学区块链,0.0,81,共105节,扣丁学堂
C/C++程序员职业技能公开课,0.0,550,共18节,神农技术
零基础企业级就业班,9177.22,88,课程4,拓薪教育
RHCA-RHCE认证考试+红帽官方授权/初级课,0.0,85,共5节,学神IT教育
Java零基础 javase java面向对象 编程题 作业题 java练习题,0.0,38,共4节,拓薪教育
